a,lambda0,lambda1,lambda2,f_K(a),negative_count
0.475,0.00075957416844669145701,0.542989412248,0.897771815266,-0.0468943218289,0
0.5,0.00019379899465209791115,0.363038140769,0.893217249607,0.0253512802706,0
0.525,0.000048042589364440453372,0.20927894087,0.874777729439,0.0115434221576,0
0.55,0.000014298841307454752378,0.0754826621161,0.831102630193,0.0069186352537,0
0.575,3.1621400798261535818e-6,0.0259336229196,0.807176456443,0.00338775036008,0
0.6,5.9556420967093783013e-7,0.00851497391484,0.75430925521,-0.0015267822774,0
0.625,1.0180776036543513626e-7,0.00232778690285,0.569508890283,0.000646059762795,0
0.65,1.8368710932045968639e-8,0.000489926852784,0.359816892852,-0.000267740867899,0
0.675,2.423488279256827841e-9,9.23859133481e-5,0.186065163491,0.000116587157545,0
0.7,2.5474223720692263342e-10,1.76056845983e-5,0.0587274009492,-3.74167870405e-5,0
0.725,2.918509029810152151e-11,2.26761624272e-6,0.0168389513715,-1.17351187626e-5,0
0.75,3.3721054971147803888e-12,2.48926312082e-7,0.00366434895117,-4.33157066667e-6,0
0.775,2.1049984746843411311e-13,3.44649066822e-8,0.000487655780931,1.17253215307e-6,0
0.8,1.5598812175379586669e-14,2.67794220248e-9,7.47534220252e-5,3.1573578232e-7,0
0.825,9.7729432941526981687e-16,2.11597480641e-10,8.12100482023e-6,-8.48215702297e-8,0
0.85,4.7999702203410080439e-17,1.4416538076e-11,7.15658634802e-7,-1.8434766671e-8,0
0.875,2.463473308779921922e-18,7.44774396794e-13,5.75853993779e-8,4.30989064967e-9,0
0.9,7.1762158434666724022e-20,4.17650130631e-14,3.25608003636e-9,8.05682831487e-10,0
0.925,2.4279771972525878756e-21,1.23803195289e-15,2.04969169921e-10,1.40067062235e-10,0
0.95,5.2165368425121839706e-23,4.39273395017e-17,6.37007356222e-12,2.11515586786e-11,0
0.975,1.1367859829910460876e-24,9.47533883603e-19,2.39607927402e-13,3.44381510347e-12,0
1.0,1.491402597059548887e-26,2.21574011875e-20,5.62056355715e-15,-4.07607575178e-13,0
1.025,2.0266219685013064925e-28,2.94486535857e-22,1.28190711118e-16,-4.78183063682e-14,0
1.05,1.925073216704649846e-30,3.75236596669e-24,1.86549888082e-18,4.60756005898e-15,0
