a,K,prec_bits,lambda0,lambda0_enclosure_radius,lambda1,f_K(a),seconds
1.055,110,500,7.92249838432870818479053634399e-31,[2.08e-64 +/- 4.98e-67],1.36967346656825e-24,-2.83180549919478e-15,78
1.065,110,500,1.11854384382814854771440683466e-31,[1.58e-64 +/- 3.56e-67],2.25896256472881e-25,-1.10973424712031e-15,78
1.095,110,500,2.02869772904127840182032552576e-34,[1.71e-64 +/- 9.22e-69],6.65300363271044e-28,4.82831108061121e-17,77
1.105,110,500,2.65423796460527790484689560602e-35,[1.79e-64 +/- 2.02e-67],7.61899538693279e-29,-1.82459462379348e-17,78
1.145,110,500,3.45905566214433834251939106248e-39,[1.73e-143 +/- 6.00e-148],1.64862725021804e-32,2.30796631410544e-19,85
1.155,110,500,3.12957389226334764471314068323e-40,[1.73e-143 +/- 2.07e-146],1.78062945543194e-33,6.20382240588473e-20,84
1.245,140,500,1.56296909200152065589557904711e-50,[2.99e-143 +/- 6.84e-147],1.87765342368473e-43,-5.16237728858385e-25,169
1.245,180,500,1.52609374387120011072903891103e-50,[5.68e-143 +/- 1.73e-146],1.84658168850766e-43,4.81134666451400e-25,376
1.255,140,500,8.60190477266842204679273878382e-52,[2.97e-143 +/- 1.90e-146],1.05426126282866e-44,-1.12001316335450e-25,169
1.255,180,500,8.41889934253974237284324451582e-52,[5.69e-143 +/- 2.86e-146],1.03039970721813e-44,1.06921805881587e-25,382
1.325,140,500,1.94961623794431663323053274145e-61,[2.91e-143 +/- 3.81e-146],4.67897882815083e-54,-1.92046362301256e-30,177
1.335,140,500,6.55723818182059313533469182871e-63,[2.87e-143 +/- 4.38e-146],1.55529061183055e-55,-3.63370742458270e-31,175
1.395,180,500,1.26914980236425050577925799089e-72,[5.35e-143 +/- 3.75e-146],5.15778386450944e-65,-4.95646194967510e-36,370
1.405,180,500,2.36230728235918740822299998172e-74,[5.32e-143 +/- 7.93e-147],1.09513652324068e-66,-6.63225790029225e-37,370
1.445,180,800,1.12292667498757332914571559005e-81,[2.54e-233 +/- 2.16e-236],7.42522887343013e-74,-1.68828525175816e-40,540
1.455,180,800,1.33170248266601540267894468538e-83,[2.53e-233 +/- 1.03e-236],9.41336171225040e-76,-1.67062887338820e-41,527
1.495,180,800,1.24818618424318327791807652635e-91,[2.51e-233 +/- 3.22e-236],1.21302995739437e-83,-1.90037406153452e-45,528
1.495,230,800,1.09383903504477787621596009868e-91,[4.78e-233 +/- 1.96e-236],1.06576299691936e-83,-1.64582981568231e-45,1118
1.505,180,800,1.11780363889444725361769853198e-93,[2.49e-233 +/- 2.44e-236],1.05247154342491e-85,-1.81253756912127e-46,531
1.505,230,800,8.05794164897250162950671608163e-94,[4.76e-233 +/- 3.57e-236],8.38616283957903e-86,-1.39126336920413e-46,1123
