n,a_n,K,offset,a,lambda_K,Phi_prime,Phi_prime_over_Tstar
2,0.3465736,48,-0.01,0.3365736,0.103607781031,29.82580876,2.4214095
2,0.3465736,48,-0.003,0.3435736,0.0821729833994,36.92787753,2.9563118
2,0.3465736,48,-0.001,0.3455736,0.076119518748,39.66163732,3.1624914
2,0.3465736,48,-0.0003,0.3462736,0.0740080786324,40.72076304,3.2424002
2,0.3465736,48,-0.0001,0.3464736,0.0734054982523,41.03423852,3.266054
2,0.3465736,48,0.0001,0.3466736,0.0728430193672,35.19725514,2.8003484
2,0.3465736,48,0.0003,0.3468736,0.0723423754671,34.00216887,2.7041836
2,0.3465736,48,0.001,0.3475736,0.0706801348849,32.57987887,2.5874443
2,0.3465736,48,0.003,0.3495736,0.0663403636505,31.03070634,2.4545734
2,0.3465736,48,0.01,0.3565736,0.0537591613785,29.44071783,2.2964269
3,0.5493061,48,-0.01,0.5393061,2.53497991743e-05,42.74138442,2.3133076
3,0.5493061,48,-0.003,0.5463061,1.81959871869e-05,56.51791434,3.016413
3,0.5493061,48,-0.001,0.5483061,1.6073595325e-05,68.63480476,3.6484795
3,0.5493061,48,-0.0003,0.5490061,1.52876080265e-05,74.82680017,3.9720679
3,0.5493061,48,-0.0001,0.5492061,1.50575067664e-05,76.85336771,4.0780137
3,0.5493061,48,0.0001,0.5494061,1.48446565579e-05,64.26627502,3.4087503
3,0.5493061,48,0.0003,0.5496061,1.46592620129e-05,61.81607258,3.2774777
3,0.5493061,48,0.001,0.5503061,1.40516490188e-05,59.84527211,3.1685471
3,0.5493061,48,0.003,0.5523061,1.24883879672e-05,58.54451922,3.087304
3,0.5493061,48,0.01,0.5593061,8.2793422681e-06,59.17131039,3.0769767
4,0.6931472,64,-0.01,0.6831472,1.1248599641e-09,88.92614774,3.6097364
4,0.6931472,64,-0.003,0.6901472,6.25815809954e-10,83.02223448,3.3232293
4,0.6931472,64,-0.001,0.6921472,5.25934149947e-10,92.85181942,3.7018527
4,0.6931472,64,-0.0003,0.6928472,4.9168416138e-10,99.9965543,3.9811243
4,0.6931472,64,-0.0001,0.6930472,4.81826032713e-10,102.5842256,4.0825129
4,0.6931472,64,0.0001,0.6932472,4.72390398521e-10,93.80139485,3.7314924
4,0.6931472,64,0.0003,0.6934472,4.63700080249e-10,92.18945593,3.6659016
4,0.6931472,64,0.001,0.6941472,4.34906152057e-10,91.35011607,3.6274433
4,0.6931472,64,0.003,0.6961472,3.62466647745e-10,91.12189624,3.6039363
4,0.6931472,64,0.01,0.7031472,1.91878890251e-10,90.11020234,3.5143758
5,0.8047190,80,-0.01,0.7947190,2.88862646773e-14,121.9025732,3.9586659
5,0.8047190,80,-0.003,0.8017190,1.31746447997e-14,93.08055921,2.9806765
5,0.8047190,80,-0.001,0.8037190,1.08954998467e-14,104.1676239,3.3223963
5,0.8047190,80,-0.0003,0.8044190,1.00633727421e-14,125.6632215,4.0023849
5,0.8047190,80,-0.0001,0.8046190,9.80414709632e-15,135.6924234,4.3200875
5,0.8047190,80,0.0001,0.8048190,9.55728139777e-15,114.1989297,3.6343376
5,0.8047190,80,0.0003,0.8050190,9.34513641695e-15,111.0876775,3.5339093
5,0.8047190,80,0.001,0.8057190,8.65201172134e-15,109.3988683,3.4753162
5,0.8047190,80,0.003,0.8077190,6.95324245365e-15,109.5554399,3.4663968
5,0.8047190,80,0.01,0.8147190,3.19939206503e-15,112.4379778,3.5081425
7,0.9729551,96,-0.01,0.9629551,6.73658832423e-24,137.1860871,3.1821308
7,0.9729551,96,-0.003,0.9699551,2.40336528787e-24,159.9138915,3.6577501
7,0.9729551,96,-0.001,0.9719551,1.7994872589e-24,134.4879603,3.0638963
7,0.9729551,96,-0.0003,0.9726551,1.62803978075e-24,160.0276281,3.640639
7,0.9729551,96,-0.0001,0.9728551,1.57370253726e-24,181.1187692,4.118816
7,0.9729551,96,0.0001,0.9730551,1.51961354557e-24,158.0719808,3.5932721
7,0.9729551,96,0.0003,0.9732551,1.47268543343e-24,156.3861345,3.553528
7,0.9729551,96,0.001,0.9739551,1.32035922542e-24,156.1997828,3.544328
7,0.9729551,96,0.003,0.9759551,9.63139475307e-25,159.5648046,3.6062299
7,0.9729551,96,0.01,0.9829551,3.0233184288e-25,172.1923976,3.8375156
