X,window_ratio,zero_list_hash,positive_zero_count,actual_max_height,completeness_status,P_prime,P_quadrature,Z_reconstruction,I_cross,D_residual,D_over_P,identity_residual,bound1_ok,bound2_ok,E_modes,E_diag,E_offdiag,W_weighted_diagonal,lambda_finite,bound_utilization,gram_bound_ok,precision,quadrature_Z_change,quadrature_D_change,quadrature_P_change,elapsed_s
2,6,8982d802b77cc99a,10,49.7738324776723,reconstruction from the listed critical-line zeros (mpmath.zetazero); completeness not certified here,8.901240717033675,8.901240717033682,8.669892790299276,0.03535944297975101,0.1959884837546476,0.0220181084845395,1.7763568394002505e-15,True,True,0.4380252521545034,0.473731984048129,-0.03570673189362561,0.08693018167052463,13.880501594691603,0.3630140220328506,True,float64,1.7763568394002505e-15,3.3306690738754696e-16,7.105427357601002e-15,0.025
2,6,8982d802b77cc99a,25,88.80911120763446,reconstruction from the listed critical-line zeros (mpmath.zetazero); completeness not certified here,8.901240717033675,8.901240717033678,8.808896906318418,-0.01868386972291629,0.11102768043817325,0.012473281418590044,0.0,True,True,0.5261465569933456,0.5831205166546792,-0.05697395966133367,0.11344415745219853,17.290929132382416,0.2682293319872575,True,float64,1.7763568394002505e-15,1.6653345369377348e-16,3.552713678800501e-15,0.071
2,6,8982d802b77cc99a,50,143.11184580762063,reconstruction from the listed critical-line zeros (mpmath.zetazero); completeness not certified here,8.901240717033675,8.90124071703367,8.82894746098398,0.0024989743508295565,0.06979428169886784,0.007840961043251809,-3.552713678800501e-15,True,True,0.5687995620952522,0.6489680559815028,-0.08016849388625058,0.1313064684787499,19.599515455419,0.22101807783976393,True,float64,7.105427357601002e-15,1.8041124150158794e-16,5.329070518200751e-15,0.175
2,6,8982d802b77cc99a,100,236.5242296658162,reconstruction from the listed critical-line zeros (mpmath.zetazero); completeness not certified here,8.901240717033675,8.901240717033676,8.865171804843454,-0.005218776111049041,0.0412876883012723,0.004638419475867333,-3.552713678800501e-15,True,True,0.5977537826685975,0.6994698341373331,-0.10171605146873564,0.14636278677921194,21.603021931746444,0.18905020671509112,True,float64,1.4210854715202004e-14,1.734723475976807e-16,1.7763568394002505e-15,1.264
2,6,8982d802b77cc99a,200,396.3818542225922,reconstruction from the listed critical-line zeros (mpmath.zetazero); completeness not certified here,8.901240717033675,8.90124071703367,8.878065643170984,-0.0018173523436753017,0.024992426206362002,0.0028077463581605835,3.552713678800501e-15,True,True,0.6140866837284372,0.7362201111099355,-0.12213342738149824,0.15836748307444604,23.294316164866526,0.1664614601070406,True,float64,7.105427357601002e-15,5.412337245047638e-16,5.329070518200751e-15,6.097
4,6,8982d802b77cc99a,10,49.7738324776723,reconstruction from the listed critical-line zeros (mpmath.zetazero); completeness not certified here,4.973704433262441,4.97370443326244,4.736133039553997,-0.0669398230751887,0.3045112167836333,0.06122422851409626,-8.881784197001252e-16,True,True,0.5340285850088307,0.473731984048129,0.06029660096070166,0.08693018167052462,13.880501594691603,0.44257691439257046,True,float64,8.881784197001252e-16,4.440892098500626e-16,8.881784197001252e-16,0.073
4,6,8982d802b77cc99a,25,88.80911120763446,reconstruction from the listed critical-line zeros (mpmath.zetazero); completeness not certified here,4.973704433262441,4.973704433262442,4.806027600776454,0.0029716399127556886,0.1647051925732312,0.033115195079092156,8.881784197001252e-16,True,True,0.6628258531277036,0.5831205166546792,0.07970533647302436,0.11344415745219853,17.290929132382416,0.33790838967815695,True,float64,3.552713678800501e-15,3.3306690738754696e-16,8.881784197001252e-16,0.118
4,6,8982d802b77cc99a,50,143.11184580762063,reconstruction from the listed critical-line zeros (mpmath.zetazero); completeness not certified here,4.973704433262441,4.973704433262436,4.870036045597332,0.0037638984807580244,0.09990448918434859,0.020086535202257175,1.7763568394002505e-15,True,True,0.7195937141542362,0.6489680559815026,0.07062565817273359,0.1313064684787499,19.599515455419,0.2796120639440861,True,float64,6.217248937900877e-15,1.5265566588595902e-16,4.440892098500626e-15,0.207
4,6,8982d802b77cc99a,100,236.5242296658162,reconstruction from the listed critical-line zeros (mpmath.zetazero); completeness not certified here,4.973704433262441,4.973704433262438,4.9142902523419565,-5.234108990053213e-06,0.05941941502947172,0.011946712119058567,2.6645352591003757e-15,True,True,0.7623531242029421,0.6994698341373331,0.062883290065609,0.14636278677921194,21.603021931746444,0.24110765987467694,True,float64,8.881784197001252e-16,9.020562075079397e-17,2.6645352591003757e-15,1.44
4,6,8982d802b77cc99a,200,396.3818542225922,reconstruction from the listed critical-line zeros (mpmath.zetazero); completeness not certified here,4.973704433262441,4.973704433262443,4.935857402178591,0.0010725893846034635,0.03677444169925179,0.00739377303028239,-5.329070518200751e-15,True,True,0.7845972325864878,0.7362201111099355,0.048377121476552376,0.15836748307444604,23.294316164866526,0.21268202746120224,True,float64,6.217248937900877e-15,2.706168622523819e-16,2.6645352591003757e-15,4.325
8,6,8982d802b77cc99a,10,49.7738324776723,reconstruction from the listed critical-line zeros (mpmath.zetazero); completeness not certified here,2.931413702479319,2.93141370247932,2.5844009312972593,0.01883958032305313,0.32817319085900654,0.11195048675028214,4.440892098500626e-16,True,True,0.4640910519868653,0.473731984048129,-0.009640932061263707,0.08693018167052464,13.880501594691603,0.38461608900982774,True,float64,1.7763568394002505e-15,6.106226635438361e-16,8.881784197001252e-16,0.057
8,6,8982d802b77cc99a,25,88.80911120763446,reconstruction from the listed critical-line zeros (mpmath.zetazero); completeness not certified here,2.931413702479319,2.9314137024793183,2.719831168101686,0.004061978195344468,0.2075205561822884,0.0707919718075864,4.440892098500626e-16,True,True,0.5778776481636776,0.5831205166546792,-0.00524286849100164,0.11344415745219853,17.290929132382416,0.29460182429602233,True,float64,1.3322676295501878e-15,3.3306690738754696e-16,8.881784197001252e-16,0.114
8,6,8982d802b77cc99a,50,143.11184580762063,reconstruction from the listed critical-line zeros (mpmath.zetazero); completeness not certified here,2.931413702479319,2.931413702479318,2.8048868093421384,-0.0011924086484254544,0.12771930178560642,0.04356918359137931,0.0,True,True,0.6812944201528642,0.6489680559815028,0.03232636417136148,0.1313064684787499,19.599515455419,0.26473013205296114,True,float64,8.881784197001252e-16,4.163336342344337e-16,1.3322676295501878e-15,0.175
8,6,8982d802b77cc99a,100,236.5242296658162,reconstruction from the listed critical-line zeros (mpmath.zetazero); completeness not certified here,2.931413702479319,2.93141370247932,2.846510062994332,0.0003049874564772448,0.08459865202851359,0.0288593356703498,-3.552713678800501e-15,True,True,0.7336198859417913,0.6994698341373331,0.03415005180445818,0.14636278677921194,21.603021931746444,0.23202026504697057,True,float64,4.440892098500626e-16,2.220446049250313e-16,8.881784197001252e-16,1.236
8,6,8982d802b77cc99a,200,396.3818542225922,reconstruction from the listed critical-line zeros (mpmath.zetazero); completeness not certified here,2.931413702479319,2.9314137024793196,2.8835523095144295,-0.0004672453673980791,0.048328638332288655,0.01648646122224695,-8.881784197001252e-16,True,True,0.7639332895596889,0.7362201111099355,0.027713178449753406,0.15836748307444604,23.294316164866526,0.20708061935554986,True,float64,2.6645352591003757e-15,4.579669976578771e-16,4.440892098500626e-16,10.311
16,6,8982d802b77cc99a,10,49.7738324776723,reconstruction from the listed critical-line zeros (mpmath.zetazero); completeness not certified here,1.7865362552460191,1.7865362552460216,1.416505880132703,0.03192779907454048,0.338102576038777,0.18925033009879658,-1.5543122344752192e-15,True,True,0.36812827723568364,0.473731984048129,-0.10560370681244535,0.08693018167052462,13.880501594691603,0.30508680923311904,True,float64,2.220446049250313e-16,3.3306690738754696e-16,2.4424906541753444e-15,0.099
16,6,8982d802b77cc99a,25,88.80911120763446,reconstruction from the listed critical-line zeros (mpmath.zetazero); completeness not certified here,1.7865362552460191,1.7865362552460207,1.5878068178498488,0.0031511475494615145,0.19557828984670972,0.1094734513628872,-8.881784197001252e-16,True,True,0.5313048467387225,0.5831205166546792,-0.051815669915956764,0.11344415745219853,17.290929132382416,0.27085902630761144,True,float64,2.220446049250313e-16,3.0531133177191805e-16,1.5543122344752192e-15,0.12
16,6,8982d802b77cc99a,50,143.11184580762063,reconstruction from the listed critical-line zeros (mpmath.zetazero); completeness not certified here,1.7865362552460191,1.7865362552460207,1.6649946952896353,-0.019175845541211628,0.14071740549759798,0.0787654910917104,-2.4424906541753444e-15,True,True,0.6039800215986361,0.6489680559815026,-0.04498803438286658,0.1313064684787499,19.599515455419,0.23468812622783825,True,float64,1.1102230246251565e-15,1.6653345369377348e-16,1.5543122344752192e-15,0.225
16,6,8982d802b77cc99a,100,236.5242296658162,reconstruction from the listed critical-line zeros (mpmath.zetazero); completeness not certified here,1.7865362552460191,1.7865362552460204,1.706655450565147,-0.004318591210915746,0.08419939589178924,0.0471299676368417,-1.3322676295501878e-15,True,True,0.6490065610669059,0.6994698341373331,-0.050463273070427195,0.14636278677921194,21.603021931746444,0.2052598044321747,True,float64,1.1102230246251565e-15,9.71445146547012e-17,1.3322676295501878e-15,0.915
16,6,8982d802b77cc99a,200,396.3818542225922,reconstruction from the listed critical-line zeros (mpmath.zetazero); completeness not certified here,1.7865362552460191,1.7865362552460216,1.7360344334413247,0.0008620218160871253,0.049639799988609026,0.02778549824715047,-1.7763568394002505e-15,True,True,0.6803238042164661,0.7362201111099355,-0.05589630689346936,0.15836748307444604,23.294316164866526,0.1844164623597831,True,float64,1.7763568394002505e-15,2.3592239273284576e-16,2.4424906541753444e-15,7.935
32,6,8982d802b77cc99a,10,49.7738324776723,reconstruction from the listed critical-line zeros (mpmath.zetazero); completeness not certified here,1.2538765378362795,1.2538765378362822,0.8733836537045926,-0.009876407887034084,0.3903692920187233,0.31132992781917285,-2.220446049250313e-15,True,True,0.34455684731650427,0.473731984048129,-0.12917513673162473,0.08693018167052464,13.880501594691603,0.28555195470603656,True,float64,8.881784197001252e-16,1.0547118733938987e-15,2.6645352591003757e-15,0.115
32,6,8982d802b77cc99a,25,88.80911120763446,reconstruction from the listed critical-line zeros (mpmath.zetazero); completeness not certified here,1.2538765378362795,1.2538765378362808,1.0002768595843043,0.022566723006255895,0.23103295524571954,0.18425494717717245,-2.220446049250313e-16,True,True,0.46141362965368005,0.5831205166546792,-0.12170688700099919,0.11344415745219853,17.290929132382416,0.23522850811582477,True,float64,8.881784197001252e-16,2.220446049250313e-16,1.3322676295501878e-15,0.106
32,6,8982d802b77cc99a,50,143.11184580762063,reconstruction from the listed critical-line zeros (mpmath.zetazero); completeness not certified here,1.2538765378362795,1.2538765378362808,1.096276596090214,-0.0024813783191088706,0.16008132006517584,0.12766912469820685,-1.5543122344752192e-15,True,True,0.5537856458466399,0.6489680559815028,-0.09518241013486284,0.1313064684787499,19.599515455419,0.2151841301167877,True,float64,8.881784197001252e-16,1.3877787807814457e-16,1.3322676295501878e-15,0.169
32,6,8982d802b77cc99a,100,236.5242296658162,reconstruction from the listed critical-line zeros (mpmath.zetazero); completeness not certified here,1.2538765378362795,1.2538765378362806,1.1560128036424533,-0.0015544713045552616,0.09941820549838301,0.07928867196920483,-1.5543122344752192e-15,True,True,0.6090753315081169,0.6994698341373332,-0.09039450262921633,0.14636278677921194,21.603021931746444,0.19263084678881992,True,float64,8.881784197001252e-16,4.163336342344337e-17,1.1102230246251565e-15,1.332
32,6,8982d802b77cc99a,200,396.3818542225922,reconstruction from the listed critical-line zeros (mpmath.zetazero); completeness not certified here,1.2538765378362795,1.2538765378362804,1.1886399787700679,-0.0016547305787583913,0.06689128964497165,0.053347588559557006,-1.5543122344752192e-15,True,True,0.641946590407764,0.7362201111099356,-0.09427352070217154,0.15836748307444604,23.294316164866526,0.17401348959598728,True,float64,3.774758283725532e-15,4.163336342344337e-17,8.881784197001252e-16,6.866
64,6,8982d802b77cc99a,10,49.7738324776723,reconstruction from the listed critical-line zeros (mpmath.zetazero); completeness not certified here,1.1113833134755873,1.1113833134755866,0.7516558546332602,0.008175723429783146,0.3515517354125429,0.3163190693525426,8.881784197001252e-16,True,True,0.4602258891018509,0.473731984048129,-0.01350609494627808,0.08693018167052462,13.880501594691603,0.38141283002464443,True,float64,5.551115123125783e-16,5.551115123125783e-17,6.661338147750939e-16,0.099
64,6,8982d802b77cc99a,25,88.80911120763446,reconstruction from the listed critical-line zeros (mpmath.zetazero); completeness not certified here,1.1113833134755873,1.111383313475588,0.8827462608017308,-0.003980039319059458,0.23261709199291652,0.20930410702808003,-6.661338147750939e-16,True,True,0.5870110783475366,0.5831205166546792,0.003890561692857397,0.1134441574521985,17.290929132382416,0.2992580438310668,True,float64,6.661338147750939e-16,3.0531133177191805e-16,6.661338147750939e-16,0.148
64,6,8982d802b77cc99a,50,143.11184580762063,reconstruction from the listed critical-line zeros (mpmath.zetazero); completeness not certified here,1.1113833134755873,1.1113833134755886,0.958145486410751,-0.0012119627001800446,0.15444978976501703,0.13897076543466538,-6.661338147750939e-16,True,True,0.6601169972663867,0.6489680559815026,0.011148941284884084,0.13130646847874988,19.599515455419,0.2565012345433931,True,float64,6.661338147750939e-16,1.942890293094024e-16,1.3322676295501878e-15,0.192
64,6,8982d802b77cc99a,100,236.5242296658162,reconstruction from the listed critical-line zeros (mpmath.zetazero); completeness not certified here,1.1113833134755873,1.1113833134755875,0.9938863637590524,0.00044613722994848244,0.11705081248658694,0.10531992973741736,-4.440892098500626e-16,True,True,0.6958595735202283,0.6994698341373331,-0.003610260617104788,0.1463627867792119,21.603021931746444,0.22007789834700006,True,float64,2.220446049250313e-16,1.1102230246251565e-16,2.220446049250313e-16,0.678
64,6,8982d802b77cc99a,200,396.3818542225922,reconstruction from the listed critical-line zeros (mpmath.zetazero); completeness not certified here,1.1113833134755873,1.111383313475588,1.0372578001679942,0.0009871081863804248,0.07313840512121322,0.0658084427167529,-4.440892098500626e-16,True,True,0.7403181554080933,0.7362201111099355,0.004098044298157855,0.158367483074446,23.294316164866526,0.2006792271487835,True,float64,2.220446049250313e-16,2.914335439641036e-16,6.661338147750939e-16,9.449
128,6,8982d802b77cc99a,10,49.7738324776723,reconstruction from the listed critical-line zeros (mpmath.zetazero); completeness not certified here,0.810989763770615,0.8109897637706162,0.546910445991964,0.01403932487461797,0.2500399929040337,0.30831461021344836,-7.771561172376096e-16,True,True,0.45467434567093457,0.473731984048129,-0.01905763837719443,0.08693018167052462,13.880501594691603,0.37681198087397455,True,float64,4.440892098500626e-16,6.661338147750939e-16,1.1102230246251565e-15,0.05
128,6,8982d802b77cc99a,25,88.80911120763446,reconstruction from the listed critical-line zeros (mpmath.zetazero); completeness not certified here,0.810989763770615,0.8109897637706148,0.6171208928951605,-0.0038997412755544343,0.1977686121510085,0.24386079946496894,5.551115123125783e-16,True,True,0.5276475160119366,0.5831205166546792,-0.05547300064274263,0.1134441574521985,17.290929132382416,0.268994520373546,True,float64,8.881784197001252e-16,5.273559366969494e-16,2.220446049250313e-16,0.088
128,6,8982d802b77cc99a,50,143.11184580762063,reconstruction from the listed critical-line zeros (mpmath.zetazero); completeness not certified here,0.810989763770615,0.8109897637706159,0.6602970891504247,0.0009132044775963597,0.14977947014259427,0.18468725110192483,-3.3306690738754696e-16,True,True,0.5693927424041461,0.6489680559815026,-0.07957531357735659,0.1313064684787499,19.599515455419,0.22124856952861333,True,float64,2.220446049250313e-16,0.0,8.881784197001252e-16,0.172
128,6,8982d802b77cc99a,100,236.5242296658162,reconstruction from the listed critical-line zeros (mpmath.zetazero); completeness not certified here,0.810989763770615,0.8109897637706152,0.6934133160895117,-0.0002880059576519361,0.1178644536387558,0.14533408299847944,-5.551115123125783e-16,True,True,0.6017093638490101,0.6994698341373331,-0.09776047028832302,0.14636278677921194,21.603021931746444,0.1903012292289042,True,float64,1.2212453270876722e-15,5.828670879282072e-16,1.1102230246251565e-16,1.204
128,6,8982d802b77cc99a,200,396.3818542225922,reconstruction from the listed critical-line zeros (mpmath.zetazero); completeness not certified here,0.810989763770615,0.8109897637706158,0.7305239328763794,-0.0019427576126230693,0.08240858850685895,0.10161483188605061,-2.220446049250313e-16,True,True,0.6387636892438344,0.7362201111099355,-0.09745642186610104,0.15836748307444606,23.294316164866526,0.17315069548375012,True,float64,1.5543122344752192e-15,1.249000902703301e-16,7.771561172376096e-16,9.486
256,6,8982d802b77cc99a,10,49.7738324776723,reconstruction from the listed critical-line zeros (mpmath.zetazero); completeness not certified here,1.013936241240463,1.0139362412404649,0.6237126328306434,-0.013182258472000958,0.4034058668818226,0.3978611775315285,-1.9984014443252818e-15,True,True,0.5075947103308,0.473731984048129,0.03386272628267095,0.08693018167052464,13.880501594691603,0.42066980488784356,True,float64,7.771561172376096e-16,6.106226635438361e-16,1.7763568394002505e-15,0.119
256,6,8982d802b77cc99a,25,88.80911120763446,reconstruction from the listed critical-line zeros (mpmath.zetazero); completeness not certified here,1.013936241240463,1.0139362412404662,0.7624535285337837,0.005208634071345296,0.24627407863533737,0.24288911730193447,-3.3306690738754696e-15,True,True,0.6538921479289327,0.5831205166546792,0.07077163127425345,0.11344415745219853,17.290929132382416,0.33335398987113185,True,float64,1.6653345369377348e-15,6.661338147750939e-16,3.1086244689504383e-15,0.078
256,6,8982d802b77cc99a,50,143.11184580762063,reconstruction from the listed critical-line zeros (mpmath.zetazero); completeness not certified here,1.013936241240463,1.0139362412404638,0.8363917980553438,0.008733379170112687,0.16881106401500703,0.16649080795108115,-4.440892098500626e-16,True,True,0.7287087259262618,0.6489680559815028,0.07974066994475904,0.1313064684787499,19.599515455419,0.28315387817108534,True,float64,2.220446049250313e-16,4.163336342344337e-16,6.661338147750939e-16,0.252
256,6,8982d802b77cc99a,100,236.5242296658162,reconstruction from the listed critical-line zeros (mpmath.zetazero); completeness not certified here,1.013936241240463,1.013936241240464,0.9131912956762267,-0.005059314434742208,0.10580425999897995,0.10435001304375668,-1.3322676295501878e-15,True,True,0.8050565210474327,0.6994698341373331,0.10558668691009965,0.14636278677921194,21.603021931746444,0.25461336445566046,True,float64,4.440892098500626e-16,1.3877787807814457e-16,8.881784197001252e-16,0.691
256,6,8982d802b77cc99a,200,396.3818542225922,reconstruction from the listed critical-line zeros (mpmath.zetazero); completeness not certified here,1.013936241240463,1.0139362412404658,0.9437920711179592,-0.0005147147315993714,0.07065888485410533,0.06968770025190175,-1.9984014443252818e-15,True,True,0.8359411413251285,0.7362201111099355,0.09972103021519307,0.15836748307444606,23.294316164866526,0.2265999029708043,True,float64,2.220446049250313e-16,2.914335439641036e-16,2.6645352591003757e-15,5.919
512,6,8982d802b77cc99a,10,49.7738324776723,reconstruction from the listed critical-line zeros (mpmath.zetazero); completeness not certified here,0.9946989919583589,0.9946989919583565,0.6824860643924971,-0.006141843763611097,0.3183547713294708,0.3200513661954109,1.9984014443252818e-15,True,True,0.6884819550224675,0.473731984048129,0.21474997097433846,0.08693018167052462,13.880501594691603,0.5705803543526973,True,float64,3.3306690738754696e-16,2.7755575615628914e-16,2.3314683517128287e-15,0.12
512,6,8982d802b77cc99a,25,88.80911120763446,reconstruction from the listed critical-line zeros (mpmath.zetazero); completeness not certified here,0.9946989919583589,0.9946989919583575,0.75777222239664,-0.004039778021157874,0.2409665475828752,0.2422507206008738,1.5543122344752192e-15,True,True,0.7652091957298213,0.5831205166546791,0.18208867907514215,0.11344415745219853,17.290929132382416,0.39010338217173296,True,float64,3.3306690738754696e-16,2.7755575615628914e-16,1.3322676295501878e-15,0.178
512,6,8982d802b77cc99a,50,143.11184580762063,reconstruction from the listed critical-line zeros (mpmath.zetazero); completeness not certified here,0.9946989919583589,0.9946989919583568,0.8357373099846259,-0.0010295299572650129,0.15999121193099564,0.16084384645449942,2.3314683517128287e-15,True,True,0.8432293148648337,0.6489680559815028,0.1942612588833309,0.13130646847874988,19.599515455419,0.327653069322084,True,float64,4.440892098500626e-16,8.049116928532385e-16,2.1094237467877974e-15,0.21
512,6,8982d802b77cc99a,100,236.5242296658162,reconstruction from the listed critical-line zeros (mpmath.zetazero); completeness not certified here,0.9946989919583589,0.9946989919583585,0.8871393995985541,-0.0015616652723072653,0.10912125763211245,0.1097027930201025,-4.440892098500626e-16,True,True,0.8938942467008237,0.6994698341373331,0.19442441256349063,0.1463627867792119,21.603021931746444,0.2827098665369922,True,float64,1.1102230246251565e-16,4.440892098500626e-16,3.3306690738754696e-16,1.112
512,6,8982d802b77cc99a,200,396.3818542225922,reconstruction from the listed critical-line zeros (mpmath.zetazero); completeness not certified here,0.9946989919583589,0.9946989919583571,0.9245140422035765,0.00024268369892901467,0.06994226605585246,0.07031500647060117,8.881784197001252e-16,True,True,0.9314827899634774,0.7362201111099355,0.19526267885354198,0.158367483074446,23.294316164866526,0.2524985305665242,True,float64,4.440892098500626e-16,2.3592239273284576e-16,1.7763568394002505e-15,7.3
1024,6,8982d802b77cc99a,10,49.7738324776723,reconstruction from the listed critical-line zeros (mpmath.zetazero); completeness not certified here,0.7484274876101669,0.7484274876101721,0.3775965380420599,0.0035835966343294315,0.3672473529337819,0.4906919628332383,-4.440892098500626e-15,True,True,0.356536490032485,0.473731984048129,-0.117195494015644,0.08693018167052462,13.880501594691603,0.29548009986080687,True,float64,1.6653345369377348e-16,1.3877787807814457e-15,5.218048215738236e-15,0.051
1024,6,8982d802b77cc99a,25,88.80911120763446,reconstruction from the listed critical-line zeros (mpmath.zetazero); completeness not certified here,0.7484274876101669,0.7484274876101717,0.49306533062043134,0.008969694436970613,0.24639246255276895,0.32921353989754487,-3.9968028886505635e-15,True,True,0.4692864283748218,0.5831205166546792,-0.11383408827985741,0.11344415745219853,17.290929132382416,0.23924205816908245,True,float64,2.7755575615628914e-16,4.440892098500626e-16,4.884981308350689e-15,0.128
1024,6,8982d802b77cc99a,50,143.11184580762063,reconstruction from the listed critical-line zeros (mpmath.zetazero); completeness not certified here,0.7484274876101669,0.7484274876101727,0.5574849181728035,-0.007107063629026391,0.19804963306639536,0.2646210038313737,-5.662137425588298e-15,True,True,0.5337835909546791,0.6489680559815028,-0.11518446502682367,0.1313064684787499,19.599515455419,0.2074119445884059,True,float64,1.1102230246251565e-16,1.582067810090848e-15,5.88418203051333e-15,0.214
1024,6,8982d802b77cc99a,100,236.5242296658162,reconstruction from the listed critical-line zeros (mpmath.zetazero); completeness not certified here,0.7484274876101669,0.7484274876101699,0.6349423555932667,-0.00031614547515248744,0.1138012774920555,0.1520538453971524,-2.886579864025407e-15,True,True,0.6112701610920486,0.6994698341373331,-0.08819967304528453,0.14636278677921194,21.603021931746444,0.19332500046643325,True,float64,4.440892098500626e-16,1.1379786002407855e-15,2.9976021664879227e-15,0.486
1024,6,8982d802b77cc99a,200,396.3818542225922,reconstruction from the listed critical-line zeros (mpmath.zetazero); completeness not certified here,0.7484274876101669,0.7484274876101711,0.6708162395722905,0.0006115824084719235,0.07699966562940908,0.10288193165550309,-4.6629367034256575e-15,True,True,0.6471281782523691,0.7362201111099355,-0.08909193285756634,0.15836748307444604,23.294316164866526,0.17541807090533756,True,float64,2.6645352591003757e-15,7.216449660063518e-16,4.218847493575595e-15,1.429
2048,6,8982d802b77cc99a,10,49.7738324776723,reconstruction from the listed critical-line zeros (mpmath.zetazero); completeness not certified here,0.8754201107753797,0.8754201107753793,0.5551081132164032,-0.007665244942975538,0.3279772425019511,0.3746512542548904,9.992007221626409e-16,True,True,0.537413214060314,0.473731984048129,0.06368123001218495,0.08693018167052462,13.880501594691603,0.44538193031122986,True,float64,5.551115123125783e-16,1.1102230246251565e-15,4.440892098500626e-16,0.125
2048,6,8982d802b77cc99a,25,88.80911120763446,reconstruction from the listed critical-line zeros (mpmath.zetazero); completeness not certified here,0.8754201107753797,0.8754201107753792,0.6700259031593796,-0.015390345315991087,0.22078455293199073,0.25220411344724164,4.440892098500626e-16,True,True,0.6520495296567272,0.5831205166546792,0.06892901300204801,0.1134441574521985,17.290929132382416,0.33241462371603336,True,float64,2.220446049250313e-16,5.828670879282072e-16,5.551115123125783e-16,0.168
2048,6,8982d802b77cc99a,50,143.11184580762063,reconstruction from the listed critical-line zeros (mpmath.zetazero); completeness not certified here,0.8754201107753797,0.87542011077538,0.7237485296894042,-0.00729101128109569,0.15896259236707075,0.18158435065682227,4.440892098500626e-16,True,True,0.7057852498674827,0.6489680559815025,0.056817193885980166,0.1313064684787499,19.599515455419,0.2742465179100225,True,float64,1.1102230246251565e-15,3.608224830031759e-16,2.220446049250313e-16,0.288
2048,6,8982d802b77cc99a,100,236.5242296658162,reconstruction from the listed critical-line zeros (mpmath.zetazero); completeness not certified here,0.8754201107753797,0.8754201107753785,0.767959468444485,0.0001851933226615449,0.10727544900823291,0.1225416776331727,2.220446049250313e-16,True,True,0.7501665940443216,0.699469834137333,0.05069675990698863,0.14636278677921194,21.603021931746444,0.2372534541591705,True,float64,9.992007221626409e-16,1.2628786905111156e-15,1.2212453270876722e-15,0.71
2048,6,8982d802b77cc99a,200,396.3818542225922,reconstruction from the listed critical-line zeros (mpmath.zetazero); completeness not certified here,0.8754201107753797,0.8754201107753811,0.8061346684125462,0.00017665214547620044,0.06910879021735904,0.07894357162545397,-1.7763568394002505e-15,True,True,0.7883819089044444,0.7362201111099353,0.052161797794509024,0.15836748307444606,23.294316164866526,0.21370794572748752,True,float64,0.0,4.718447854656915e-16,1.3322676295501878e-15,1.919
4096,6,8982d802b77cc99a,10,49.7738324776723,reconstruction from the listed critical-line zeros (mpmath.zetazero); completeness not certified here,0.9740767067514562,0.9740767067514693,0.5745200549120159,0.027577377406634213,0.3719792744328165,0.38187883136366807,-1.0436096431476471e-14,True,True,0.5761597558384961,0.473731984048129,0.1024277717903671,0.08693018167052463,13.880501594691603,0.4774931793809535,True,float64,4.440892098500626e-16,6.661338147750939e-16,1.3100631690576847e-14,0.208
4096,6,8982d802b77cc99a,25,88.80911120763446,reconstruction from the listed critical-line zeros (mpmath.zetazero); completeness not certified here,0.9740767067514562,0.9740767067514694,0.7183141779110787,0.035185265575857695,0.22057726326453148,0.22644752896325404,-1.1546319456101628e-14,True,True,0.7209884340129404,0.5831205166546792,0.1378679173582612,0.11344415745219853,17.290929132382416,0.3675596532094685,True,float64,1.1102230246251565e-16,4.440892098500626e-16,1.3211653993039363e-14,0.388
4096,6,8982d802b77cc99a,50,143.11184580762063,reconstruction from the listed critical-line zeros (mpmath.zetazero); completeness not certified here,0.9740767067514562,0.9740767067514695,0.8209894981747821,0.008294962627743412,0.14479224594894283,0.14864563021101765,-1.2101430968414206e-14,True,True,0.8246614734931591,0.6489680559815028,0.17569341751165635,0.13130646847874988,19.599515455419,0.3204381752133682,True,float64,2.220446049250313e-16,1.3877787807814457e-15,1.3322676295501878e-14,0.493
4096,6,8982d802b77cc99a,100,236.5242296658162,reconstruction from the listed critical-line zeros (mpmath.zetazero); completeness not certified here,0.9740767067514562,0.9740767067514692,0.8678588069770377,-0.0008330148891487099,0.10705091466357913,0.1098998815202077,-1.199040866595169e-14,True,True,0.8715691812804562,0.6994698341373331,0.17209934714312314,0.1463627867792119,21.603021931746444,0.27564916971662873,True,float64,9.992007221626409e-16,1.9290125052862095e-15,1.2989609388114332e-14,0.935
4096,6,8982d802b77cc99a,200,396.3818542225922,reconstruction from the listed critical-line zeros (mpmath.zetazero); completeness not certified here,0.9740767067514562,0.9740767067514722,0.8970398197379016,0.0017488509119119738,0.0752880361016587,0.07729169128039633,-1.609823385706477e-14,True,True,0.9006539731589941,0.7362201111099355,0.16443386204905863,0.158367483074446,23.294316164866526,0.2441417138586795,True,float64,7.771561172376096e-16,4.996003610813204e-16,1.5987211554602254e-14,1.999
