source_name,source_seed,source_hash,N,r,d,feature_qubits,data_qubits,R_exact,R_exact_float,Q_exact,Q_exact_float,D_exact,D_exact_float,cross_channel_exact,cross_channel_float,P_classical,P_classical_exact,P_statevector,successes,shots,P_sampled,P_ci_low,P_ci_high,R_reconstructed,R_ci_low,R_ci_high,dP0_classical,dP0_sampled,R_over_D,normalization_error,probability_error,state_error,covered,prep_depth,full_depth,one_qubit_gates,two_qubit_gates,prep_two_qubit,backend_or_simulator,software_versions,elapsed_times,job_id_if_any
mobius,,54c0d5a57850d8c8,4,2,4,2,4,5/6,0.8333333333333334,11/6,1.8333333333333333,11/6,1.8333333333333333,-1/1,-1.0,0.11363636363636363,5/44,0.1136363636363629,928,8192,0.11328125,0.10659854806623878,0.1203264685004321,0.8307291666666666,0.7817226858190843,0.8823941023365021,0.45454545454545453,0.453125,0.45454545454545453,2.220446049250313e-16,7.355227538141662e-16,1.1809173860735548e-15,True,42,43,42,11,11,"AerSimulator (ideal, statevector method)","{""qiskit"": ""2.5.2"", ""qiskit_aer"": ""0.17.2""}","{""case_s"": 0.3, ""transpile_s"": 0.015}",
mobius,,54c0d5a57850d8c8,4,3,8,2,5,5/6,0.8333333333333334,11/6,1.8333333333333333,11/6,1.8333333333333333,-1/1,-1.0,0.056818181818181816,5/88,0.05681818181818134,423,8192,0.0516357421875,0.047050420240096966,0.056641368222460534,0.75732421875,0.6900728301880888,0.8307400672627545,0.45454545454545453,0.4130859375,0.45454545454545453,2.220446049250313e-16,4.787836793695988e-16,1.6690311775283584e-15,False,99,100,95,23,23,"AerSimulator (ideal, statevector method)","{""qiskit"": ""2.5.2"", ""qiskit_aer"": ""0.17.2""}","{""case_s"": 0.195, ""transpile_s"": 0.016}",
mobius,,54c0d5a57850d8c8,4,4,16,2,6,5/6,0.8333333333333334,11/6,1.8333333333333333,11/6,1.8333333333333333,-1/1,-1.0,0.028409090909090908,5/176,0.02840909090909024,243,8192,0.0296630859375,0.02620392848092869,0.033563145013826026,0.8701171875,0.7686485687739082,0.9845189204055634,0.45454545454545453,0.474609375,0.45454545454545453,2.220446049250313e-16,6.696032617270475e-16,5.0276871349645486e-15,True,209,210,186,48,48,"AerSimulator (ideal, statevector method)","{""qiskit"": ""2.5.2"", ""qiskit_aer"": ""0.17.2""}","{""case_s"": 0.268, ""transpile_s"": 0.024}",
mobius,,54c0d5a57850d8c8,4,5,32,2,7,5/6,0.8333333333333334,11/6,1.8333333333333333,11/6,1.8333333333333333,-1/1,-1.0,0.014204545454545454,5/352,0.014204545454545121,125,8192,0.0152587890625,0.012822457524028991,0.01814952504738834,0.8951822916666666,0.7522508414097008,1.0647721361134492,0.45454545454545453,0.48828125,0.45454545454545453,2.220446049250313e-16,3.3306690738754696e-16,1.1602660588877449e-14,True,439,440,371,99,99,"AerSimulator (ideal, statevector method)","{""qiskit"": ""2.5.2"", ""qiskit_aer"": ""0.17.2""}","{""case_s"": 0.405, ""transpile_s"": 0.057}",
mobius,,0fb76c3cab76e0c6,8,2,4,3,5,143/105,1.361904761904762,199/105,1.8952380952380952,82/35,2.342857142857143,-8/15,-0.5333333333333333,0.17964824120603015,143/796,0.17964824120602832,1437,8192,0.1754150390625,0.16733192915415196,0.1838024202936946,1.3298130580357141,1.2685353867305234,1.393397395750294,0.7185929648241206,0.70166015625,0.5813008130081301,0.0,1.8318679906315083e-15,2.1372046672389944e-15,True,117,119,107,26,26,"AerSimulator (ideal, statevector method)","{""qiskit"": ""2.5.2"", ""qiskit_aer"": ""0.17.2""}","{""case_s"": 0.216, ""transpile_s"": 0.02}",
mobius,,0fb76c3cab76e0c6,8,3,8,3,6,143/105,1.361904761904762,82/35,2.342857142857143,82/35,2.342857142857143,-103/105,-0.9809523809523809,0.07266260162601626,143/1968,0.0726626016260154,607,8192,0.0740966796875,0.0686221327736445,0.07997047543377807,1.3887834821428573,1.286174831414594,1.498875196701669,0.5813008130081301,0.5927734375,0.5813008130081301,2.220446049250313e-16,8.604228440844963e-16,2.850627336982697e-15,True,270,272,235,57,57,"AerSimulator (ideal, statevector method)","{""qiskit"": ""2.5.2"", ""qiskit_aer"": ""0.17.2""}","{""case_s"": 0.378, ""transpile_s"": 0.025}",
mobius,,0fb76c3cab76e0c6,8,4,16,3,7,143/105,1.361904761904762,82/35,2.342857142857143,82/35,2.342857142857143,-103/105,-0.9809523809523809,0.03633130081300813,143/3936,0.036331300813007464,271,8192,0.0330810546875,0.029421717616471676,0.03717808931771903,1.2400669642857143,1.102894100366024,1.3936472338527819,0.5813008130081301,0.529296875,0.5813008130081301,2.220446049250313e-16,6.661338147750939e-16,7.29950531484273e-15,True,519,520,436,113,113,"AerSimulator (ideal, statevector method)","{""qiskit"": ""2.5.2"", ""qiskit_aer"": ""0.17.2""}","{""case_s"": 0.411, ""transpile_s"": 0.042}",
mobius,,0fb76c3cab76e0c6,8,5,32,3,8,143/105,1.361904761904762,82/35,2.342857142857143,82/35,2.342857142857143,-103/105,-0.9809523809523809,0.018165650406504065,143/7872,0.018165650406503354,141,8192,0.0172119140625,0.014613361435697882,0.020263040243968588,1.2904017857142858,1.0955845830648927,1.5191490742906737,0.5813008130081301,0.55078125,0.5813008130081301,2.220446049250313e-16,7.112366251504909e-16,2.0927943285019967e-14,True,1062,1063,880,226,226,"AerSimulator (ideal, statevector method)","{""qiskit"": ""2.5.2"", ""qiskit_aer"": ""0.17.2""}","{""case_s"": 0.768, ""transpile_s"": 0.125}",
mobius,,7e7268c3a81ebfd8,16,2,4,4,6,17449/15015,1.162104562104562,36151/15015,2.407659007659008,41273/15015,2.7487845487845486,-6234/5005,-1.2455544455544456,0.12066747807806147,17449/144604,0.12066747807806205,1032,8192,0.1259765625,0.11896587378850033,0.13333786698178995,1.2132344218281719,1.14571703052363,1.2841284660029808,0.4826699123122459,0.50390625,0.4227703341167349,2.220446049250313e-16,5.828670879282072e-16,2.943178473628436e-14,True,327,329,289,57,57,"AerSimulator (ideal, statevector method)","{""qiskit"": ""2.5.2"", ""qiskit_aer"": ""0.17.2""}","{""case_s"": 0.331, ""transpile_s"": 0.03}",
mobius,,7e7268c3a81ebfd8,16,3,8,4,7,17449/15015,1.162104562104562,43453/15015,2.893972693972694,41273/15015,2.7487845487845486,-788/455,-1.731868131868132,0.05019503831726233,17449/347624,0.0501950383172572,407,8192,0.0496826171875,0.045184729166369515,0.054602640187938846,1.1502411000457877,1.0461069791361997,1.2641483977816885,0.40156030653809865,0.3974609375,0.4227703341167349,0.0,5.134781488891349e-15,2.6101669296196056e-14,True,548,549,451,120,120,"AerSimulator (ideal, statevector method)","{""qiskit"": ""2.5.2"", ""qiskit_aer"": ""0.17.2""}","{""case_s"": 0.502, ""transpile_s"": 0.056}",
mobius,,7e7268c3a81ebfd8,16,4,16,4,8,17449/15015,1.162104562104562,41273/15015,2.7487845487845486,41273/15015,2.7487845487845486,-23824/15015,-1.5866799866799868,0.026423145882295933,17449/660368,0.026423145882294146,218,8192,0.026611328125,0.023341754099455065,0.03032466453866037,1.1703809211621712,1.0265832481617676,1.3336955092951095,0.4227703341167349,0.42578125,0.4227703341167349,0.0,1.7867651802561113e-15,1.0100751251216002e-14,True,1145,1146,927,247,247,"AerSimulator (ideal, statevector method)","{""qiskit"": ""2.5.2"", ""qiskit_aer"": ""0.17.2""}","{""case_s"": 0.737, ""transpile_s"": 0.076}",
mobius,,7e7268c3a81ebfd8,16,5,32,4,9,17449/15015,1.162104562104562,41273/15015,2.7487845487845486,41273/15015,2.7487845487845486,-23824/15015,-1.5866799866799868,0.013211572941147966,17449/1320736,0.013211572941146851,104,8192,0.0126953125,0.010489168177606461,0.015358264314233878,1.1166937229437228,0.9226388293186311,1.3509299085796866,0.4227703341167349,0.40625,0.4227703341167349,1.1102230246251565e-16,1.115427195053087e-15,3.376285041704664e-14,True,2176,2178,1729,487,487,"AerSimulator (ideal, statevector method)","{""qiskit"": ""2.5.2"", ""qiskit_aer"": ""0.17.2""}","{""case_s"": 1.56, ""transpile_s"": 0.234}",
mobius,,b6b41a005f6eccb5,32,2,4,5,7,49803345139/28651498590,1.738245731983543,7001889887/1910099906,3.665719193538351,628822761157/200560490130,3.135327206018531,-2947849/1529385,-1.927473461554808,0.11854738730721583,49803345139/420113393220,0.11854738730721459,1005,8192,0.1226806640625,0.11575270110081409,0.12996233242430574,1.7988514597197474,1.697267592516648,1.9056216656191565,0.4741895492288633,0.49072265625,0.5544064838422065,2.220446049250313e-16,1.2351231148954867e-15,2.5271695467918715e-14,True,507,509,408,120,120,"AerSimulator (ideal, statevector method)","{""qiskit"": ""2.5.2"", ""qiskit_aer"": ""0.17.2""}","{""case_s"": 0.528, ""transpile_s"": 0.055}",
mobius,,b6b41a005f6eccb5,32,3,8,5,8,49803345139/28651498590,1.738245731983543,60135660721/18232771830,3.2982182457882487,628822761157/200560490130,3.135327206018531,-21839233/13999755,-1.5599725138047058,0.06587821069009168,348623415973/5291938143448,0.06587821069008384,539,8192,0.0657958984375,0.06062806207278801,0.07137076492457572,1.7360738617967442,1.5997166442820154,1.883170872720797,0.5270256855207335,0.5263671875,0.5544064838422065,4.440892098500626e-16,7.840950111415168e-15,7.51897593749311e-14,True,1282,1284,1062,247,247,"AerSimulator (ideal, statevector method)","{""qiskit"": ""2.5.2"", ""qiskit_aer"": ""0.17.2""}","{""case_s"": 0.746, ""transpile_s"": 0.095}",
mobius,,b6b41a005f6eccb5,32,4,16,5,9,49803345139/28651498590,1.738245731983543,6151050071/1910099906,3.2202766209653957,628822761157/200560490130,3.135327206018531,-31830889/21477885,-1.4820308889818528,0.0337363434997092,49803345139/1476252017040,0.03373634349971759,267,8192,0.0325927734375,0.0289613193676996,0.036662382789428814,1.6793239410112513,1.4922153547538453,1.8890082266509072,0.5397814959953472,0.521484375,0.5544064838422065,0.0,8.389122729823839e-15,1.5478220772503667e-13,True,2955,2957,2487,502,502,"AerSimulator (ideal, statevector method)","{""qiskit"": ""2.5.2"", ""qiskit_aer"": ""0.17.2""}","{""case_s"": 1.688, ""transpile_s"": 0.162}",
mobius,,b6b41a005f6eccb5,32,5,32,5,10,49803345139/28651498590,1.738245731983543,628822761157/200560490130,3.135327206018531,628822761157/200560490130,3.135327206018531,-4245444624/3038795305,-1.3970814740349877,0.017325202620068952,348623415973/20122328357024,0.017325202620066947,134,8192,0.016357421875,0.013828598992734087,0.019339619327073385,1.6411478344003247,1.3874298445772684,1.9403531081668792,0.5544064838422065,0.5234375,0.5544064838422065,0.0,2.005340338229189e-15,4.1393582355984003e-14,True,5107,5109,4133,1013,1013,"AerSimulator (ideal, statevector method)","{""qiskit"": ""2.5.2"", ""qiskit_aer"": ""0.17.2""}","{""case_s"": 2.745, ""transpile_s"": 0.318}",
mobius,,16492ad9d32e6dd1,64,2,4,6,8,4737348987210788616337/3554193374527483969190,1.3328900507110424,56408754867167834921/12653833354127410830,4.45783924037284,139103356901968404644903/39096127119802323661090,3.557983031815754,-4952976111970576183022/1584978126478472580855,-3.124949189661797,0.07474978228463235,156332516577956024339121/2091410995455114647530996,0.07474978228462696,587,8192,0.0716552734375,0.06626863165690623,0.0774434526652049,1.2777107588373324,1.1816596264238817,1.380921848803628,0.2989991291385294,0.28662109375,0.37461956361012355,2.220446049250313e-16,5.384581669432009e-15,6.49510659564539e-14,True,1060,1062,837,247,247,"AerSimulator (ideal, statevector method)","{""qiskit"": ""2.5.2"", ""qiskit_aer"": ""0.17.2""}","{""case_s"": 0.947, ""transpile_s"": 0.113}",
mobius,,16492ad9d32e6dd1,64,3,8,6,9,4737348987210788616337/3554193374527483969190,1.3328900507110424,69139175541291281695891/16755483051343852997610,4.126361223333759,139103356901968404644903/39096127119802323661090,3.557983031815754,-224105138311274245918/80224611052945944585,-2.7934711726227164,0.04037728335481792,156332516577956024339121/3871793830312311774969896,0.04037728335481364,322,8192,0.039306640625,0.03530999330014793,0.0437351495415869,1.2975471815561233,1.165614297199242,1.4437362013208592,0.32301826683854334,0.314453125,0.37461956361012355,0.0,4.28129753871076e-15,2.0153802370228593e-13,True,2327,2329,1855,502,502,"AerSimulator (ideal, statevector method)","{""qiskit"": ""2.5.2"", ""qiskit_aer"": ""0.17.2""}","{""case_s"": 1.369, ""transpile_s"": 0.15}",
mobius,,16492ad9d32e6dd1,64,4,16,6,10,4737348987210788616337/3554193374527483969190,1.3328900507110424,83297640812201191529845/23457676271881394196654,3.5509758019829816,139103356901968404644903/39096127119802323661090,3.557983031815754,-3172630335159145528172/1430346114139109402235,-2.218085751271939,0.023459925613381973,156332516577956024339121/6663811264976095322387600,0.023459925613364834,198,8192,0.024169921875,0.021060595253122188,0.02772529949968183,1.373228923423106,1.1965706259071125,1.5752298820176167,0.37535880981411157,0.38671875,0.37461956361012355,2.220446049250313e-16,1.7139067942650854e-14,3.4540832062610306e-13,True,6080,6081,5103,1013,1013,"AerSimulator (ideal, statevector method)","{""qiskit"": ""2.5.2"", ""qiskit_aer"": ""0.17.2""}","{""case_s"": 2.595, ""transpile_s"": 0.328}",
mobius,,16492ad9d32e6dd1,64,5,32,6,11,4737348987210788616337/3554193374527483969190,1.3328900507110424,136036551643098179936019/39096127119802323661090,3.479540344910409,139103356901968404644903/39096127119802323661090,3.557983031815754,-265032795493108/123463424018935,-2.146650294199367,0.011970780607745056,52110838859318674779707/4353169652579141757952608,0.011970780607701507,99,8192,0.0120849609375,0.009937063440808126,0.014690238079704359,1.3456034927583223,1.1064452208712359,1.6356888343894571,0.3830649794478418,0.38671875,0.37461956361012355,0.0,4.3548498140921765e-14,8.749535275121703e-12,True,12060,12062,10067,2036,2036,"AerSimulator (ideal, statevector method)","{""qiskit"": ""2.5.2"", ""qiskit_aer"": ""0.17.2""}","{""case_s"": 5.51, ""transpile_s"": 0.656}",
squarefree_positive,,c49697371db1009b,4,2,4,2,4,25/6,4.166666666666667,11/6,1.8333333333333333,11/6,1.8333333333333333,7/3,2.3333333333333335,0.5681818181818182,25/44,0.5681818181818172,4609,8192,0.5626220703125,0.5518530781038083,0.5733323595544296,4.125895182291666,4.046922572761261,4.204437303399151,2.272727272727273,2.25048828125,2.272727272727273,2.220446049250313e-16,9.992007221626409e-16,4.718447854656915e-16,True,33,34,37,7,7,"AerSimulator (ideal, statevector method)","{""qiskit"": ""2.5.2"", ""qiskit_aer"": ""0.17.2""}","{""case_s"": 0.163, ""transpile_s"": 0.012}",
squarefree_positive,,c49697371db1009b,4,3,8,2,5,25/6,4.166666666666667,11/6,1.8333333333333333,11/6,1.8333333333333333,7/3,2.3333333333333335,0.2840909090909091,25/88,0.2840909090909076,2314,8192,0.282470703125,0.27282542220814665,0.2923198996106058,4.142903645833333,4.001439525719484,4.287358527622218,2.272727272727273,2.259765625,2.272727272727273,2.220446049250313e-16,1.4988010832439613e-15,1.1430445635548515e-15,True,78,79,81,15,15,"AerSimulator (ideal, statevector method)","{""qiskit"": ""2.5.2"", ""qiskit_aer"": ""0.17.2""}","{""case_s"": 0.226, ""transpile_s"": 0.02}",
squarefree_positive,,c49697371db1009b,4,4,16,2,6,25/6,4.166666666666667,11/6,1.8333333333333333,11/6,1.8333333333333333,7/3,2.3333333333333335,0.14204545454545456,25/176,0.14204545454545386,1166,8192,0.142333984375,0.1349355380523718,0.15006771274950503,4.175130208333333,3.958109116202906,4.401986240652147,2.272727272727273,2.27734375,2.272727272727273,2.220446049250313e-16,6.938893903907228e-16,3.066331682727504e-15,True,169,170,159,31,31,"AerSimulator (ideal, statevector method)","{""qiskit"": ""2.5.2"", ""qiskit_aer"": ""0.17.2""}","{""case_s"": 0.276, ""transpile_s"": 0.031}",
squarefree_positive,,c49697371db1009b,4,5,32,2,7,25/6,4.166666666666667,11/6,1.8333333333333333,11/6,1.8333333333333333,7/3,2.3333333333333335,0.07102272727272728,25/352,0.0710227272727263,617,8192,0.0753173828125,0.06979956022541706,0.08123330992466121,4.418619791666666,4.094907533224467,4.765687515580124,2.272727272727273,2.41015625,2.272727272727273,2.220446049250313e-16,9.853229343548264e-16,1.263037283842208e-14,True,340,341,301,63,63,"AerSimulator (ideal, statevector method)","{""qiskit"": ""2.5.2"", ""qiskit_aer"": ""0.17.2""}","{""case_s"": 0.401, ""transpile_s"": 0.037}",
squarefree_positive,,70deae623d144dea,8,2,4,3,5,907/105,8.638095238095238,353/105,3.361904761904762,82/35,2.342857142857143,554/105,5.276190476190476,0.6423512747875354,907/1412,0.6423512747875342,5275,8192,0.6439208984375,0.6334865151546945,0.6542203678844138,8.659202938988095,8.518885327604082,8.797706280502785,2.5694050991501416,2.57568359375,3.686991869918699,2.220446049250313e-16,1.2212453270876722e-15,2.7902982624049063e-15,True,134,135,122,26,26,"AerSimulator (ideal, statevector method)","{""qiskit"": ""2.5.2"", ""qiskit_aer"": ""0.17.2""}","{""case_s"": 0.24, ""transpile_s"": 0.023}",
squarefree_positive,,70deae623d144dea,8,3,8,3,6,907/105,8.638095238095238,82/35,2.342857142857143,82/35,2.342857142857143,661/105,6.295238095238095,0.4608739837398374,907/1968,0.46087398373983324,3764,8192,0.45947265625,0.44870241657751525,0.47028088692631514,8.611830357142857,8.409965293567144,8.814407480676078,3.686991869918699,3.67578125,3.686991869918699,2.220446049250313e-16,4.163336342344337e-15,3.1465093850815734e-15,True,226,227,205,41,41,"AerSimulator (ideal, statevector method)","{""qiskit"": ""2.5.2"", ""qiskit_aer"": ""0.17.2""}","{""case_s"": 0.259, ""transpile_s"": 0.036}",
squarefree_positive,,70deae623d144dea,8,4,16,3,7,907/105,8.638095238095238,82/35,2.342857142857143,82/35,2.342857142857143,661/105,6.295238095238095,0.2304369918699187,907/3936,0.23043699186991412,1889,8192,0.2305908203125,0.22159714081670753,0.23983704843917716,8.643861607142858,8.306727107186294,8.990463072920013,3.686991869918699,3.689453125,3.686991869918699,2.220446049250313e-16,4.579669976578771e-15,7.104776806516282e-15,True,428,429,376,81,81,"AerSimulator (ideal, statevector method)","{""qiskit"": ""2.5.2"", ""qiskit_aer"": ""0.17.2""}","{""case_s"": 0.404, ""transpile_s"": 0.046}",
squarefree_positive,,70deae623d144dea,8,5,32,3,8,907/105,8.638095238095238,82/35,2.342857142857143,82/35,2.342857142857143,661/105,6.295238095238095,0.11521849593495935,907/7872,0.11521849593495567,952,8192,0.1162109375,0.10945025410398614,0.12333139112505843,8.7125,8.205641907681704,9.246330580347239,3.686991869918699,3.71875,3.686991869918699,2.220446049250313e-16,3.677613769070831e-15,1.3809115840141045e-14,True,851,852,730,161,161,"AerSimulator (ideal, statevector method)","{""qiskit"": ""2.5.2"", ""qiskit_aer"": ""0.17.2""}","{""case_s"": 0.611, ""transpile_s"": 0.094}",
squarefree_positive,,a092fc8accb4c00b,16,2,4,4,6,230729/15015,15.366566766566766,28367/5005,5.6677322677322675,41273/15015,2.7487845487845486,20804/2145,9.698834498834499,0.6778093089387904,230729/340404,0.6778093089387727,5523,8192,0.6741943359375,0.6639656994087376,0.6842596798082322,15.284611970061189,15.052719276825302,15.512802667029069,2.7112372357551617,2.69677734375,5.5903132798681945,2.220446049250313e-16,1.7763568394002505e-14,3.5591146156083986e-14,True,273,274,233,57,57,"AerSimulator (ideal, statevector method)","{""qiskit"": ""2.5.2"", ""qiskit_aer"": ""0.17.2""}","{""case_s"": 0.422, ""transpile_s"": 0.043}",
squarefree_positive,,a092fc8accb4c00b,16,3,8,4,7,230729/15015,15.366566766566766,17821/5005,3.5606393606393607,41273/15015,2.7487845487845486,177266/15015,11.805927405927406,0.5394595327609749,230729/427704,0.5394595327609631,4434,8192,0.541259765625,0.5304524922773446,0.5520283613844184,15.417846606518482,15.110000183615677,15.724591293876875,4.315676262087799,4.330078125,5.5903132798681945,2.220446049250313e-16,1.176836406102666e-14,3.3317663948331335e-14,True,478,479,380,120,120,"AerSimulator (ideal, statevector method)","{""qiskit"": ""2.5.2"", ""qiskit_aer"": ""0.17.2""}","{""case_s"": 0.45, ""transpile_s"": 0.062}",
squarefree_positive,,a092fc8accb4c00b,16,4,16,4,8,230729/15015,15.366566766566766,41273/15015,2.7487845487845486,41273/15015,2.7487845487845486,63152/5005,12.617782217782217,0.34939457999176216,230729/660368,0.34939457999174667,2875,8192,0.3509521484375,0.3406890768217209,0.3613549399800169,15.435069487803862,14.983693924915496,15.892590010304614,5.5903132798681945,5.615234375,5.5903132798681945,0.0,1.5487611193520934e-14,1.1566851002785765e-14,True,858,859,704,183,183,"AerSimulator (ideal, statevector method)","{""qiskit"": ""2.5.2"", ""qiskit_aer"": ""0.17.2""}","{""case_s"": 0.638, ""transpile_s"": 0.072}",
squarefree_positive,,a092fc8accb4c00b,16,5,32,4,9,230729/15015,15.366566766566766,41273/15015,2.7487845487845486,41273/15015,2.7487845487845486,63152/5005,12.617782217782217,0.17469728999588108,230729/1320736,0.17469728999587164,1427,8192,0.1741943359375,0.16613441198029916,0.18255967552489172,15.32232637154512,14.613366549531294,16.05815089004618,5.5903132798681945,5.57421875,5.5903132798681945,1.1102230246251565e-16,9.43689570931383e-15,8.453986629812003e-14,True,1678,1679,1358,359,359,"AerSimulator (ideal, statevector method)","{""qiskit"": ""2.5.2"", ""qiskit_aer"": ""0.17.2""}","{""case_s"": 1.202, ""transpile_s"": 0.131}",
squarefree_positive,,8976fa58a5f3c0c1,32,2,4,5,7,360401114127/13370699342,26.954544777991465,382034835011/40112098026,9.524179831316012,628822761157/200560490130,3.135327206018531,349584253685/20056049013,17.430364946675454,0.707529290064523,1081203342381/1528139340044,0.7075292900645018,5780,8192,0.70556640625,0.695601930480579,0.7153381806626427,26.879765344241477,26.50015150763045,27.252037891349723,2.830117160258092,2.822265625,8.597043627934555,0.0,2.120525977034049e-14,6.878604484144902e-14,True,583,584,483,120,120,"AerSimulator (ideal, statevector method)","{""qiskit"": ""2.5.2"", ""qiskit_aer"": ""0.17.2""}","{""case_s"": 0.628, ""transpile_s"": 0.044}",
squarefree_positive,,8976fa58a5f3c0c1,32,3,8,5,8,360401114127/13370699342,26.954544777991465,33887757311/6077590610,5.575853900926044,628822761157/200560490130,3.135327206018531,714620120107/33426748355,21.37869087706542,0.6042694369537467,1802005570635/2982122643368,0.6042694369536695,4972,8192,0.60693359375,0.596308975385762,0.6174579707908783,27.073384370512006,26.59945381249531,27.542843480737584,4.8341554956299735,4.85546875,8.597043627934555,2.220446049250313e-16,7.716050021144838e-14,2.0678592914867233e-13,True,1184,1185,961,247,247,"AerSimulator (ideal, statevector method)","{""qiskit"": ""2.5.2"", ""qiskit_aer"": ""0.17.2""}","{""case_s"": 0.663, ""transpile_s"": 0.135}",
squarefree_positive,,8976fa58a5f3c0c1,32,4,16,5,9,360401114127/13370699342,26.954544777991465,783873130739/200560490130,3.9084125204864946,628822761157/200560490130,3.135327206018531,2311071790583/100280245065,23.04613225750497,0.4310340937130072,5406016711905/12541970091824,0.43103409371300505,3536,8192,0.431640625,0.4209494280870794,0.4423959031242008,26.992473969609854,26.323904243634725,27.665050988520907,6.8965454994081155,6.90625,8.597043627934555,0.0,2.1649348980190553e-15,3.227489634826051e-13,True,2952,2953,2482,502,502,"AerSimulator (ideal, statevector method)","{""qiskit"": ""2.5.2"", ""qiskit_aer"": ""0.17.2""}","{""case_s"": 1.626, ""transpile_s"": 0.182}",
squarefree_positive,,8976fa58a5f3c0c1,32,5,32,5,10,360401114127/13370699342,26.954544777991465,628822761157/200560490130,3.135327206018531,628822761157/200560490130,3.135327206018531,2388596975374/100280245065,23.81921757197293,0.26865761337295485,5406016711905/20122328357024,0.2686576133729263,2121,8192,0.2589111328125,0.24954010897988335,0.2685081573456138,25.976675796739467,25.036476565678637,26.939549784435435,8.597043627934555,8.28515625,8.597043627934555,0.0,2.853273173286652e-14,4.025533866615711e-13,False,4318,4319,3599,757,757,"AerSimulator (ideal, statevector method)","{""qiskit"": ""2.5.2"", ""qiskit_aer"": ""0.17.2""}","{""case_s"": 2.305, ""transpile_s"": 0.237}",
squarefree_positive,,bd3ee43532eb4618,64,2,4,6,8,64251813409394133278001/1261165390961365279390,50.94638171161361,411814414196157545416105/23457676271881394196654,17.555635495311083,139103356901968404644903/39096127119802323661090,3.557983031815754,1958173288046433333886784/58644190679703485491635,33.39074621630253,0.7254989676280992,5975418647073654394854093/8236288283923150908322100,0.7254989676282967,5981,8192,0.7301025390625,0.7203836568034225,0.739605719387179,51.269656199929486,50.58717158248065,51.9369936792346,2.9019958705123967,2.92041015625,14.318893950883746,2.220446049250313e-16,1.9750867608081535e-13,1.0282497093588487e-12,True,1295,1296,1071,247,247,"AerSimulator (ideal, statevector method)","{""qiskit"": ""2.5.2"", ""qiskit_aer"": ""0.17.2""}","{""case_s"": 0.804, ""transpile_s"": 0.097}",
squarefree_positive,,bd3ee43532eb4618,64,3,8,6,9,64251813409394133278001/1261165390961365279390,50.94638171161361,1121497060401710447861933/117288381359406970983270,9.561876866260992,139103356901968404644903/39096127119802323661090,3.557983031815754,2391094377670908348272/57777527763254665509,41.38450484535262,0.6660091740380166,5975418647073654394854093/8971976483213683582895464,0.6660091740378664,5464,8192,0.6669921875,0.6567103578954891,0.677117475859812,51.02157734106451,50.23506863195883,51.79611142531977,5.328073392304133,5.3359375,14.318893950883746,0.0,1.5021317523178368e-13,6.566205284306787e-13,True,2565,2566,2092,502,502,"AerSimulator (ideal, statevector method)","{""qiskit"": ""2.5.2"", ""qiskit_aer"": ""0.17.2""}","{""case_s"": 1.396, ""transpile_s"": 0.207}",
squarefree_positive,,bd3ee43532eb4618,64,4,16,6,10,64251813409394133278001/1261165390961365279390,50.94638171161361,699480201982601600729669/117288381359406970983270,5.963763792077438,139103356901968404644903/39096127119802323661090,3.557983031815754,2637969222545526397062212/58644190679703485491635,44.982617919536175,0.5339159913083469,5975418647073654394854093/11191683231721625611674704,0.5339159913084496,4396,8192,0.53662109375,0.5258081531195087,0.5473997051601627,51.20450318353988,50.17273000245176,52.23300066284869,8.54265586093355,8.5859375,14.318893950883746,2.220446049250313e-16,1.0269562977782698e-13,8.751157356383304e-13,True,5996,5997,5018,1013,1013,"AerSimulator (ideal, statevector method)","{""qiskit"": ""2.5.2"", ""qiskit_aer"": ""0.17.2""}","{""case_s"": 2.742, ""transpile_s"": 0.453}",
squarefree_positive,,bd3ee43532eb4618,64,5,32,6,11,64251813409394133278001/1261165390961365279390,50.94638171161361,502642662472806815271701/117288381359406970983270,4.285528171222332,139103356901968404644903/39096127119802323661090,3.557983031815754,144020420647390725778484/3086536351563341341665,46.66085354039128,0.3715001663456173,5975418647073654394854093/16084565199129818088694432,0.3715001663463571,2991,8192,0.3651123046875,0.3547518494770856,0.3755992058594584,50.070370156742165,48.64956943127279,51.50851128958223,11.888005323059753,11.68359375,14.318893950883746,2.220446049250313e-16,7.397971124589731e-13,4.18144373966048e-12,True,12095,12096,10100,2036,2036,"AerSimulator (ideal, statevector method)","{""qiskit"": ""2.5.2"", ""qiskit_aer"": ""0.17.2""}","{""case_s"": 4.658, ""transpile_s"": 0.54}",
random_sign,20261008,4e2975ef6ab7606c,4,2,4,2,4,3/2,1.5,11/6,1.8333333333333333,11/6,1.8333333333333333,-1/3,-0.3333333333333333,0.20454545454545456,9/44,0.20454545454545392,1686,8192,0.205810546875,0.19719454616619392,0.21470232565377984,1.50927734375,1.4460933385520887,1.574483721461052,0.8181818181818182,0.8232421875,0.8181818181818182,2.220446049250313e-16,6.38378239159465e-16,9.586729210015212e-16,True,43,45,45,11,11,"AerSimulator (ideal, statevector method)","{""qiskit"": ""2.5.2"", ""qiskit_aer"": ""0.17.2""}","{""case_s"": 0.194, ""transpile_s"": 0.009}",
random_sign,20261008,4e2975ef6ab7606c,4,3,8,2,5,3/2,1.5,11/6,1.8333333333333333,11/6,1.8333333333333333,-1/3,-0.3333333333333333,0.10227272727272728,9/88,0.10227272727272652,806,8192,0.098388671875,0.09212603696725298,0.10502778389901822,1.4430338541666665,1.3511818755197103,1.5404074971856005,0.8181818181818182,0.787109375,0.8181818181818182,2.220446049250313e-16,7.632783294297951e-16,1.878377932716794e-15,True,100,102,98,23,23,"AerSimulator (ideal, statevector method)","{""qiskit"": ""2.5.2"", ""qiskit_aer"": ""0.17.2""}","{""case_s"": 0.224, ""transpile_s"": 0.016}",
random_sign,20261008,4e2975ef6ab7606c,4,4,16,2,6,3/2,1.5,11/6,1.8333333333333333,11/6,1.8333333333333333,-1/3,-0.3333333333333333,0.05113636363636364,9/176,0.0511363636363633,429,8192,0.0523681640625,0.047750549577607174,0.05740539605054376,1.5361328125,1.4006827876098105,1.6838916174826168,0.8181818181818182,0.837890625,0.8181818181818182,2.220446049250313e-16,3.400058012914542e-16,4.046321248149332e-15,True,217,219,196,48,48,"AerSimulator (ideal, statevector method)","{""qiskit"": ""2.5.2"", ""qiskit_aer"": ""0.17.2""}","{""case_s"": 0.357, ""transpile_s"": 0.027}",
random_sign,20261008,4e2975ef6ab7606c,4,5,32,2,7,3/2,1.5,11/6,1.8333333333333333,11/6,1.8333333333333333,-1/3,-0.3333333333333333,0.02556818181818182,9/352,0.025568181818181566,226,8192,0.027587890625,0.024256431977070093,0.03136219621516991,1.6184895833333333,1.4230440093214454,1.839915511289968,0.8181818181818182,0.8828125,0.8181818181818182,2.220446049250313e-16,2.5326962749261384e-16,7.938143149655156e-15,True,434,436,368,99,99,"AerSimulator (ideal, statevector method)","{""qiskit"": ""2.5.2"", ""qiskit_aer"": ""0.17.2""}","{""case_s"": 0.422, ""transpile_s"": 0.046}",
random_sign,20261008,b81d27db313c978c,8,2,4,3,5,139/105,1.3238095238095238,139/105,1.3238095238095238,82/35,2.342857142857143,0/1,0.0,0.25,1/4,0.2499999999999986,2084,8192,0.25439453125,0.2450800737640793,0.2639392233735917,1.347079613095238,1.2977573429793152,1.3976210304354,1.0,1.017578125,0.5650406504065041,0.0,1.3877787807814457e-15,1.9638418250041013e-15,True,138,140,128,26,26,"AerSimulator (ideal, statevector method)","{""qiskit"": ""2.5.2"", ""qiskit_aer"": ""0.17.2""}","{""case_s"": 0.249, ""transpile_s"": 0.025}",
random_sign,20261008,b81d27db313c978c,8,3,8,3,6,139/105,1.3238095238095238,82/35,2.342857142857143,82/35,2.342857142857143,-107/105,-1.019047619047619,0.07063008130081301,139/1968,0.07063008130081239,584,8192,0.0712890625,0.0659157661658519,0.07706423957346253,1.3361607142857144,1.2354497887085385,1.4444040331483263,0.5650406504065041,0.5703125,0.5650406504065041,2.220446049250313e-16,6.245004513516506e-16,3.000459885590563e-15,True,276,277,240,57,57,"AerSimulator (ideal, statevector method)","{""qiskit"": ""2.5.2"", ""qiskit_aer"": ""0.17.2""}","{""case_s"": 0.346, ""transpile_s"": 0.022}",
random_sign,20261008,b81d27db313c978c,8,4,16,3,7,139/105,1.3238095238095238,82/35,2.342857142857143,82/35,2.342857142857143,-107/105,-1.019047619047619,0.035315040650406505,139/3936,0.035315040650405895,315,8192,0.0384521484375,0.034499952067934055,0.04283700741394177,1.44140625,1.2932553460894138,1.605775820774046,0.5650406504065041,0.615234375,0.5650406504065041,2.220446049250313e-16,6.106226635438361e-16,6.437857749532317e-15,True,541,542,458,113,113,"AerSimulator (ideal, statevector method)","{""qiskit"": ""2.5.2"", ""qiskit_aer"": ""0.17.2""}","{""case_s"": 0.401, ""transpile_s"": 0.053}",
random_sign,20261008,b81d27db313c978c,8,5,32,3,8,139/105,1.3238095238095238,82/35,2.342857142857143,82/35,2.342857142857143,-107/105,-1.019047619047619,0.017657520325203253,139/7872,0.017657520325203215,129,8192,0.0157470703125,0.013269219543422037,0.018678867805057578,1.1805803571428573,0.9948123451982693,1.400381403442031,0.5650406504065041,0.50390625,0.5650406504065041,2.220446049250313e-16,3.8163916471489756e-17,1.7925153779248096e-14,True,1073,1075,893,226,226,"AerSimulator (ideal, statevector method)","{""qiskit"": ""2.5.2"", ""qiskit_aer"": ""0.17.2""}","{""case_s"": 0.864, ""transpile_s"": 0.096}",
random_sign,20261008,e57d9aa1e6590ffd,16,2,4,4,6,21097/15015,1.4050616050616052,30119/15015,2.005927405927406,41273/15015,2.7487845487845486,-694/1155,-0.6008658008658009,0.17511371559480726,21097/120476,0.17511371559480599,1467,8192,0.1790771484375,0.1709253547240644,0.1875297805517493,1.4368630393044457,1.3714554136354569,1.5046845049452249,0.700454862379229,0.71630859375,0.5111574152593705,2.220446049250313e-16,1.27675647831893e-15,8.686855014517073e-15,True,281,283,243,57,57,"AerSimulator (ideal, statevector method)","{""qiskit"": ""2.5.2"", ""qiskit_aer"": ""0.17.2""}","{""case_s"": 0.327, ""transpile_s"": 0.031}",
random_sign,20261008,e57d9aa1e6590ffd,16,3,8,4,7,21097/15015,1.4050616050616052,12459/5005,2.489310689310689,41273/15015,2.7487845487845486,-296/273,-1.0842490842490842,0.07055475292292052,21097/299016,0.0705547529229184,576,8192,0.0703125,0.06497500015753148,0.0760527960276584,1.4002372627372626,1.2939436994408546,1.5145523048289244,0.5644380233833641,0.5625,0.5111574152593705,0.0,2.1094237467877974e-15,1.9498706717585873e-14,True,546,548,451,120,120,"AerSimulator (ideal, statevector method)","{""qiskit"": ""2.5.2"", ""qiskit_aer"": ""0.17.2""}","{""case_s"": 0.477, ""transpile_s"": 0.047}",
random_sign,20261008,e57d9aa1e6590ffd,16,4,16,4,8,21097/15015,1.4050616050616052,41273/15015,2.7487845487845486,41273/15015,2.7487845487845486,-1552/1155,-1.3437229437229437,0.03194733845371066,21097/660368,0.031947338453709805,249,8192,0.0303955078125,0.026892439224939387,0.03433879143540875,1.3368112356393604,1.1827443427302546,1.5102390291453882,0.5111574152593705,0.486328125,0.5111574152593705,0.0,8.534839501805891e-16,1.287849782559467e-14,True,1152,1153,935,247,247,"AerSimulator (ideal, statevector method)","{""qiskit"": ""2.5.2"", ""qiskit_aer"": ""0.17.2""}","{""case_s"": 0.682, ""transpile_s"": 0.084}",
random_sign,20261008,e57d9aa1e6590ffd,16,5,32,4,9,21097/15015,1.4050616050616052,41273/15015,2.7487845487845486,41273/15015,2.7487845487845486,-1552/1155,-1.3437229437229437,0.01597366922685533,21097/1320736,0.015973669226852276,142,8192,0.017333984375,0.014725618625600241,0.0203948092483318,1.5247164294039293,1.2952816943790049,1.7939499691911251,0.5111574152593705,0.5546875,0.5111574152593705,1.1102230246251565e-16,3.0531133177191805e-15,2.266458851476851e-13,True,2185,2186,1736,487,487,"AerSimulator (ideal, statevector method)","{""qiskit"": ""2.5.2"", ""qiskit_aer"": ""0.17.2""}","{""case_s"": 1.217, ""transpile_s"": 0.15}",
random_sign,20261008,510c15aaa51cf86f,32,2,4,5,7,60811468741/40112098026,1.5160380965758262,330851281399/200560490130,1.6496333908266163,628822761157/200560490130,3.135327206018531,-27174379/203408205,-0.13359529425078992,0.22975379029763598,304057343705/1323405125596,0.22975379029763526,1858,8192,0.226806640625,0.21786762694860715,0.23600175028504486,1.49659123054485,1.4376068487783165,1.5572654702549396,0.9190151611905439,0.9072265625,0.48353425239498465,4.440892098500626e-16,7.216449660063518e-16,7.562404262803799e-15,True,722,723,623,120,120,"AerSimulator (ideal, statevector method)","{""qiskit"": ""2.5.2"", ""qiskit_aer"": ""0.17.2""}","{""case_s"": 0.539, ""transpile_s"": 0.048}",
random_sign,20261008,510c15aaa51cf86f,32,3,8,5,8,60811468741/40112098026,1.5160380965758262,155859501741/66853496710,2.3313590075489112,628822761157/200560490130,3.135327206018531,-1969/2415,-0.8153209109730849,0.0812851051504141,304057343705/3740628041784,0.0812851051504064,629,8192,0.0767822265625,0.07121305027097069,0.08274813421029445,1.4320554841291653,1.3281854896340877,1.5433248643922894,0.6502808412033128,0.6142578125,0.48353425239498465,4.440892098500626e-16,7.688294445529209e-15,5.185822758823465e-14,True,1484,1485,1264,247,247,"AerSimulator (ideal, statevector method)","{""qiskit"": ""2.5.2"", ""qiskit_aer"": ""0.17.2""}","{""case_s"": 0.788, ""transpile_s"": 0.088}",
random_sign,20261008,510c15aaa51cf86f,32,4,16,5,9,60811468741/40112098026,1.5160380965758262,121547987915/40112098026,3.030207690363506,628822761157/200560490130,3.135327206018531,-57624781/38057019,-1.5141695937876796,0.03126926954126454,60811468741/1944767806640,0.03126926954127756,259,8192,0.0316162109375,0.028041215736748597,0.03563027686625525,1.5328589683674765,1.3595313211622042,1.7274742235185212,0.5003083126602327,0.505859375,0.48353425239498465,0.0,1.301736496372996e-14,3.9211638277986255e-13,True,2976,2978,2508,502,502,"AerSimulator (ideal, statevector method)","{""qiskit"": ""2.5.2"", ""qiskit_aer"": ""0.17.2""}","{""case_s"": 1.442, ""transpile_s"": 0.161}",
random_sign,20261008,510c15aaa51cf86f,32,5,32,5,10,60811468741/40112098026,1.5160380965758262,628822761157/200560490130,3.135327206018531,628822761157/200560490130,3.135327206018531,-1220922622/753986805,-1.6192891094427044,0.01511044538734327,304057343705/20122328357024,0.015110445387339431,114,8192,0.013916015625,0.01159753789525997,0.016690156539236077,1.396200396430127,1.1635864347468632,1.6745312598455988,0.48353425239498465,0.4453125,0.48353425239498465,0.0,3.838943052336674e-15,7.455750381810847e-14,True,5116,5117,4142,1013,1013,"AerSimulator (ideal, statevector method)","{""qiskit"": ""2.5.2"", ""qiskit_aer"": ""0.17.2""}","{""case_s"": 2.541, ""transpile_s"": 0.419}",
random_sign,20261008,f5c1bd361279d8ff,64,2,4,6,8,16409578434476507046497/9022183181492843921790,1.8188035095693234,14514186052146575005059/7819225423960464732218,1.8562178815910246,139103356901968404644903/39096127119802323661090,3.557983031815754,-2194135567002016735712/58644190679703485491635,-0.03741437202170134,0.24496094014706501,213324519648194591604461/870851163128794500303540,0.24496094014712633,1959,8192,0.2391357421875,0.23002240926252457,0.24849361359195007,1.7755521631039146,1.7078868369589881,1.8450331560421929,0.9798437605882601,0.95654296875,0.5111894838467312,4.440892098500626e-16,6.131206653492427e-14,9.00437712281128e-13,True,1484,1485,1260,247,247,"AerSimulator (ideal, statevector method)","{""qiskit"": ""2.5.2"", ""qiskit_aer"": ""0.17.2""}","{""case_s"": 1.052, ""transpile_s"": 0.087}",
random_sign,20261008,f5c1bd361279d8ff,64,3,8,6,9,16409578434476507046497/9022183181492843921790,1.8188035095693234,314311626503334642040753/117288381359406970983270,2.679818945920901,139103356901968404644903/39096127119802323661090,3.557983031815754,-50493553427570025218146/58644190679703485491635,-0.8610154363515777,0.08483798468632664,213324519648194591604461/2514493012026677136326024,0.08483798468634836,701,8192,0.0855712890625,0.0797063592926045,0.09182471117578175,1.834524493252492,1.7087888939416003,1.9685888057005971,0.6787038774906131,0.6845703125,0.5111894838467312,2.220446049250313e-16,2.1718737919229625e-14,1.363036101628295e-13,True,2843,2845,2372,502,502,"AerSimulator (ideal, statevector method)","{""qiskit"": ""2.5.2"", ""qiskit_aer"": ""0.17.2""}","{""case_s"": 1.151, ""transpile_s"": 0.139}",
random_sign,20261008,f5c1bd361279d8ff,64,4,16,6,10,16409578434476507046497/9022183181492843921790,1.8188035095693234,6851303677598253267673/2057690901042227561110,3.3296078017004613,139103356901968404644903/39096127119802323661090,3.557983031815754,-611033758534158085010/404442694342782658563,-1.5108042921311382,0.03414072350804431,213324519648194591604461/6248388953969606980117776,0.034140723508071145,283,8192,0.0345458984375,0.03080424015163779,0.03872388111373976,1.8403886872680284,1.6410566133495645,2.062965386694865,0.546251576128709,0.552734375,0.5111894838467312,2.220446049250313e-16,2.6832702726409252e-14,2.8946239018639326e-13,True,5803,5805,4827,1013,1013,"AerSimulator (ideal, statevector method)","{""qiskit"": ""2.5.2"", ""qiskit_aer"": ""0.17.2""}","{""case_s"": 2.472, ""transpile_s"": 0.315}",
random_sign,20261008,f5c1bd361279d8ff,64,5,32,6,11,16409578434476507046497/9022183181492843921790,1.8188035095693234,137206587948317088167851/39096127119802323661090,3.5094675113950475,139103356901968404644903/39096127119802323661090,3.557983031815754,-99147622098378336449546/58644190679703485491635,-1.6906640018257242,0.016195508147459056,213324519648194591604461/13171832443038440464113696,0.01619550814746094,130,8192,0.015869140625,0.013381014590614625,0.01881109895213056,1.7821514706302977,1.5027275512084841,2.112542100036468,0.5182562607186898,0.5078125,0.5111894838467312,0.0,1.8839096949108125e-15,8.273322029325496e-13,True,12218,12219,10224,2036,2036,"AerSimulator (ideal, statevector method)","{""qiskit"": ""2.5.2"", ""qiskit_aer"": ""0.17.2""}","{""case_s"": 5.083, ""transpile_s"": 0.736}",
all_positive,,d82c48a43f941242,4,2,4,2,4,71/12,5.916666666666667,25/12,2.0833333333333335,25/12,2.0833333333333335,23/6,3.8333333333333335,0.71,71/100,0.709999999999996,5768,8192,0.7041015625,0.6941235387375414,0.7138882580744933,5.867513020833334,5.784362822812845,5.949068817287444,2.84,2.81640625,2.84,2.220446049250313e-16,3.9968028886505635e-15,1.388056308787576e-15,True,51,52,51,11,11,"AerSimulator (ideal, statevector method)","{""qiskit"": ""2.5.2"", ""qiskit_aer"": ""0.17.2""}","{""case_s"": 0.252, ""transpile_s"": 0.012}",
all_positive,,d82c48a43f941242,4,3,8,2,5,71/12,5.916666666666667,25/12,2.0833333333333335,25/12,2.0833333333333335,23/6,3.8333333333333335,0.355,71/200,0.35499999999999654,2932,8192,0.35791015625,0.34759800210540454,0.36835550776947074,5.965169270833334,5.793300035090076,6.139258462824513,2.84,2.86328125,2.84,1.1102230246251565e-16,3.4416913763379853e-15,2.103022949064239e-15,True,97,98,96,18,18,"AerSimulator (ideal, statevector method)","{""qiskit"": ""2.5.2"", ""qiskit_aer"": ""0.17.2""}","{""case_s"": 0.219, ""transpile_s"": 0.014}",
all_positive,,d82c48a43f941242,4,4,16,2,6,71/12,5.916666666666667,25/12,2.0833333333333335,25/12,2.0833333333333335,23/6,3.8333333333333335,0.1775,71/400,0.17749999999999794,1415,8192,0.1727294921875,0.164697586416793,0.18106818675721098,5.757649739583334,5.4899195472264335,6.035606225240366,2.84,2.763671875,2.84,1.1102230246251565e-16,2.0539125955565396e-15,3.6171895316529815e-15,True,209,210,195,38,38,"AerSimulator (ideal, statevector method)","{""qiskit"": ""2.5.2"", ""qiskit_aer"": ""0.17.2""}","{""case_s"": 0.302, ""transpile_s"": 0.02}",
all_positive,,d82c48a43f941242,4,5,32,2,7,71/12,5.916666666666667,25/12,2.0833333333333335,25/12,2.0833333333333335,23/6,3.8333333333333335,0.08875,71/800,0.08874999999999839,695,8192,0.0848388671875,0.07899781626697296,0.09106909703581985,5.655924479166667,5.266521084464864,6.071273135721324,2.84,2.71484375,2.84,1.1102230246251565e-16,1.609823385706477e-15,9.887999288467822e-15,True,428,429,377,78,78,"AerSimulator (ideal, statevector method)","{""qiskit"": ""2.5.2"", ""qiskit_aer"": ""0.17.2""}","{""case_s"": 0.377, ""transpile_s"": 0.032}",
all_positive,,607d3a5098ee027c,8,2,4,3,5,3719/280,13.282142857142857,3349/840,3.986904761904762,761/280,2.717857142857143,976/105,9.295238095238096,0.8328605553896685,11157/13396,0.8328605553896639,6852,8192,0.83642578125,0.8282585731309977,0.8442776182649161,13.338999720982143,13.208752197217674,13.46421782652002,3.331442221558674,3.345703125,4.886990801576872,0.0,4.6629367034256575e-15,4.36036471077716e-15,True,108,109,96,26,26,"AerSimulator (ideal, statevector method)","{""qiskit"": ""2.5.2"", ""qiskit_aer"": ""0.17.2""}","{""case_s"": 0.306, ""transpile_s"": 0.021}",
all_positive,,607d3a5098ee027c,8,3,8,3,6,3719/280,13.282142857142857,761/280,2.717857142857143,761/280,2.717857142857143,1479/140,10.564285714285715,0.610873850197109,3719/6088,0.610873850197099,5044,8192,0.61572265625,0.6051373573639331,0.6261994747998283,13.387569754464286,13.15741511297009,13.615365723504839,4.886990801576872,4.92578125,4.886990801576872,0.0,9.992007221626409e-15,5.2229179327556746e-15,True,230,231,193,57,57,"AerSimulator (ideal, statevector method)","{""qiskit"": ""2.5.2"", ""qiskit_aer"": ""0.17.2""}","{""case_s"": 0.416, ""transpile_s"": 0.042}",
all_positive,,607d3a5098ee027c,8,4,16,3,7,3719/280,13.282142857142857,761/280,2.717857142857143,761/280,2.717857142857143,1479/140,10.564285714285715,0.3054369250985545,3719/12176,0.3054369250985473,2436,8192,0.29736328125,0.2875617865655551,0.307354730953597,12.931054687500001,12.504829690079282,13.365540014610705,4.886990801576872,4.7578125,4.886990801576872,0.0,7.216449660063518e-15,1.9389694551825525e-14,True,409,410,347,88,88,"AerSimulator (ideal, statevector method)","{""qiskit"": ""2.5.2"", ""qiskit_aer"": ""0.17.2""}","{""case_s"": 0.489, ""transpile_s"": 0.066}",
all_positive,,607d3a5098ee027c,8,5,32,3,8,3719/280,13.282142857142857,761/280,2.717857142857143,761/280,2.717857142857143,1479/140,10.564285714285715,0.15271846254927726,3719/24352,0.15271846254927784,1263,8192,0.1541748046875,0.14651716775456666,0.16215662389107052,13.408803013392857,12.742807389854313,14.102993232126249,4.886990801576872,4.93359375,4.886990801576872,0.0,5.828670879282072e-16,9.820177317504251e-14,True,827,828,686,176,176,"AerSimulator (ideal, statevector method)","{""qiskit"": ""2.5.2"", ""qiskit_aer"": ""0.17.2""}","{""case_s"": 0.811, ""transpile_s"": 0.1}",
all_positive,,15efe04823091fa4,16,2,4,4,6,20626481/720720,28.619271006771008,5662193/720720,7.856300643800644,2436559/720720,3.3807289932289932,311756/15015,20.762970362970364,0.910710788205206,20626481/22648772,0.9107107882051848,7496,8192,0.9150390625,0.9088049580153453,0.9208841024875963,28.75528790328595,28.5593799069807,28.938969468956326,3.642843152820824,3.66015625,8.465414135262064,0.0,2.120525977034049e-14,4.1270030356401436e-14,True,232,233,191,57,57,"AerSimulator (ideal, statevector method)","{""qiskit"": ""2.5.2"", ""qiskit_aer"": ""0.17.2""}","{""case_s"": 0.362, ""transpile_s"": 0.034}",
all_positive,,15efe04823091fa4,16,3,8,4,7,20626481/720720,28.619271006771008,1130683/240240,4.706472693972694,2436559/720720,3.3807289932289932,1077152/45045,23.912798312798312,0.7601040329900894,20626481/27136392,0.7601040329900748,6234,8192,0.760986328125,0.7516300153440135,0.7700979879957773,28.652490990454858,28.300209145495014,28.995561217483502,6.0808322639207155,6.087890625,8.465414135262064,0.0,1.4654943925052066e-14,1.6392082028743722e-14,True,498,499,401,120,120,"AerSimulator (ideal, statevector method)","{""qiskit"": ""2.5.2"", ""qiskit_aer"": ""0.17.2""}","{""case_s"": 0.495, ""transpile_s"": 0.049}",
all_positive,,15efe04823091fa4,16,4,16,4,8,20626481/720720,28.619271006771008,2436559/720720,3.3807289932289932,2436559/720720,3.3807289932289932,9094961/360360,25.238542013542013,0.529088383453879,20626481/38984944,0.529088383453799,4377,8192,0.5343017578125,0.5234863357120364,0.5450850248765892,28.90127110031895,28.3162469232142,29.48455595800371,8.465414135262064,8.548828125,8.465414135262064,0.0,7.993605777301127e-14,1.0084492916176699e-13,True,984,985,765,247,247,"AerSimulator (ideal, statevector method)","{""qiskit"": ""2.5.2"", ""qiskit_aer"": ""0.17.2""}","{""case_s"": 0.822, ""transpile_s"": 0.11}",
all_positive,,15efe04823091fa4,16,5,32,4,9,20626481/720720,28.619271006771008,2436559/720720,3.3807289932289932,2436559/720720,3.3807289932289932,9094961/360360,25.238542013542013,0.2645441917269395,20626481/77969888,0.2645441917269661,2205,8192,0.2691650390625,0.259670433708761,0.27887603293504415,29.119169648710663,28.092011645553775,30.169737281925997,8.465414135262064,8.61328125,8.465414135262064,0.0,2.65898414397725e-14,3.9888819111798096e-13,True,1582,1583,1243,374,374,"AerSimulator (ideal, statevector method)","{""qiskit"": ""2.5.2"", ""qiskit_aer"": ""0.17.2""}","{""case_s"": 1.404, ""transpile_s"": 0.177}",
all_positive,,300f7653cc4f11a0,32,2,4,5,7,8655766259567761/144403552893600,59.94150480456348,323988553661351/20629078984800,15.705429888560392,586061125622639/144403552893600,4.05849519543652,199620199498072/4512611027925,44.23607491600309,0.9541525642705266,8655766259567761/9071679502517828,0.954152564270422,7765,8192,0.9478759765625,0.9428492505486891,0.952482856211691,59.547198771812226,59.231411199896584,59.83661087315385,3.8166102570821065,3.79150390625,14.769391589267693,0.0,1.0458300891968975e-13,1.405117181701848e-13,False,501,502,400,120,120,"AerSimulator (ideal, statevector method)","{""qiskit"": ""2.5.2"", ""qiskit_aer"": ""0.17.2""}","{""case_s"": 0.547, ""transpile_s"": 0.063}",
all_positive,,300f7653cc4f11a0,32,3,8,5,8,8655766259567761/144403552893600,59.94150480456348,8745379825951/1009815055200,8.660377740376354,586061125622639/144403552893600,4.05849519543652,231411779514274/4512611027925,51.281127064187125,0.8651687403469799,8655766259567761/10004714520887944,0.8651687403469077,7075,8192,0.8636474609375,0.8560457052326245,0.8709083274845117,59.83610596988546,59.30943336273119,60.339160746042126,6.921349922775839,6.9091796875,14.769391589267693,0.0,7.216449660063518e-14,1.2204273360360083e-13,True,1096,1097,874,247,247,"AerSimulator (ideal, statevector method)","{""qiskit"": ""2.5.2"", ""qiskit_aer"": ""0.17.2""}","{""case_s"": 0.839, ""transpile_s"": 0.073}",
all_positive,,300f7653cc4f11a0,32,4,16,5,9,8655766259567761/144403552893600,59.94150480456348,260601606960859/48134517631200,5.414027599851574,586061125622639/144403552893600,4.05849519543652,246061294958912/4512611027925,54.52747720471191,0.6919698840079656,8655766259567761/12508877134121232,0.6919698840078803,5674,8192,0.692626953125,0.6825469858242973,0.7025263487267738,59.99842304991763,59.12525151117194,60.855952666075275,11.071518144127449,11.08203125,14.769391589267693,2.220446049250313e-16,8.526512829121202e-14,1.4041528788593085e-13,True,2188,2189,1718,502,502,"AerSimulator (ideal, statevector method)","{""qiskit"": ""2.5.2"", ""qiskit_aer"": ""0.17.2""}","{""case_s"": 1.426, ""transpile_s"": 0.159}",
all_positive,,300f7653cc4f11a0,32,5,32,5,10,8655766259567761/144403552893600,59.94150480456348,586061125622639/144403552893600,4.05849519543652,586061125622639/144403552893600,4.05849519543652,4034852566972561/72201776446800,55.88300960912696,0.4615434871646154,8655766259567761/18753956019924448,0.4615434871644315,3642,8192,0.444580078125,0.43384788624732346,0.4553642215561073,57.738435553827365,56.344625980321666,59.13899217149288,14.769391589267693,14.2265625,14.769391589267693,0.0,1.8390844402915718e-13,1.0388340877724698e-12,False,4649,4650,3673,1013,1013,"AerSimulator (ideal, statevector method)","{""qiskit"": ""2.5.2"", ""qiskit_aer"": ""0.17.2""}","{""case_s"": 2.863, ""transpile_s"": 0.297}",
all_positive,,9911727a68de4d2c,64,2,4,6,8,16191290671990367669189893861/131362987122535807501262400,123.25610909629422,37292967323904347501987695117/1182266884102822267511361600,31.543611535905086,623171679694215690971693339/131362987122535807501262400,4.743890903705769,130322895100972309520097776/1420993851085122917681925,91.71249756038914,0.9768706173355873,145721616047913309022709044749/149171869295617390007950780468,0.9768706173355372,8001,8192,0.9766845703125,0.9731865053687707,0.9797357832382843,123.23263471619951,122.79126830935004,123.61761981717659,3.9074824693423493,3.90673828125,25.982070751249925,0.0,5.0182080713057076e-14,4.700012735603571e-13,True,1207,1208,983,247,247,"AerSimulator (ideal, statevector method)","{""qiskit"": ""2.5.2"", ""qiskit_aer"": ""0.17.2""}","{""case_s"": 0.62, ""transpile_s"": 0.074}",
all_positive,,9911727a68de4d2c,64,3,8,6,9,16191290671990367669189893861/131362987122535807501262400,123.25610909629422,225509463845476788026617147/13589274529917497327716800,16.59466539946676,623171679694215690971693339/131362987122535807501262400,4.743890903705769,1705929284271602116671988/15993870185373677861355,106.66144369682748,0.9284317138164085,48573872015971103007569681583/52318195612150614822175178104,0.9284317138162219,7624,8192,0.9306640625,0.9249589556208725,0.9359654577480622,123.55246973196735,122.79507501414882,124.25626877430267,7.427453710531268,7.4453125,25.982070751249925,2.220446049250313e-16,1.8662849043948881e-13,3.9061472762818685e-13,True,2353,2354,1880,502,502,"AerSimulator (ideal, statevector method)","{""qiskit"": ""2.5.2"", ""qiskit_aer"": ""0.17.2""}","{""case_s"": 1.3, ""transpile_s"": 0.164}",
all_positive,,9911727a68de4d2c,64,4,16,6,10,16191290671990367669189893861/131362987122535807501262400,123.25610909629422,1589506075909242791851205003/168895269157546038215908800,9.411193598481118,623171679694215690971693339/131362987122535807501262400,4.743890903705769,2103048023696072023121103277/18472920064106597929865025,113.84491549781312,0.8185472690479628,145721616047913309022709044749/178024680501835192687334960336,0.8185472690496319,6702,8192,0.818115234375,0.8096134495538111,0.826318812702267,123.19105370511807,121.91086261896068,124.4263411265295,13.096756304767405,13.08984375,25.982070751249925,0.0,1.6691092952214603e-12,9.782507404470672e-13,True,5064,5065,4086,1013,1013,"AerSimulator (ideal, statevector method)","{""qiskit"": ""2.5.2"", ""qiskit_aer"": ""0.17.2""}","{""case_s"": 2.831, ""transpile_s"": 0.34}",
all_positive,,9911727a68de4d2c,64,5,32,6,11,16191290671990367669189893861/131362987122535807501262400,123.25610909629422,10110750229417909112575879/1653520117626324849666240,6.114682320244267,623171679694215690971693339/131362987122535807501262400,4.743890903705769,2163944213029367250112770176/18472920064106597929865025,117.14142677604997,0.6299188097649734,145721616047913309022709044749/231333965249081760495736111520,0.6299188097655775,5061,8192,0.6177978515625,0.6072223646001016,0.6282629128661745,120.88440321389155,118.8150994328691,122.93210002457478,20.15740191247915,19.76953125,25.982070751249925,1.1102230246251565e-16,6.040723476985477e-13,1.135958817640908e-11,False,10696,10697,8700,2036,2036,"AerSimulator (ideal, statevector method)","{""qiskit"": ""2.5.2"", ""qiskit_aer"": ""0.17.2""}","{""case_s"": 5.474, ""transpile_s"": 0.597}",
