201,397.91873620961424339,0.00101462724049
202,399.98511987619489951,0.00143751669058
203,401.83922860053321654,0.000944960172655
204,402.86191776388611418,0.000788020817795
205,404.23644180020800474,0.0008454989047
206,405.13438745990992726,0.00103734252447
207,407.58146038689618208,0.00104236556341
208,408.94724550235111252,0.000581608000974
209,410.51386919336663865,0.000260529038979
210,411.97226780427875066,0.00151648443489
211,413.26273607018504689,7.27450275536e-6
212,415.01880975515511565,0.00120141248102
213,415.45521499629459886,0.000304670139341
214,418.38770578953477923,3.20958457035e-5
215,419.86136481815232369,0.00175880553391
216,420.64382762504178627,7.26977592839e-5
217,422.07671005882675963,0.00220808010276
218,423.71657962748181861,0.000540001012048
219,425.06988249446134761,0.00153067542471
220,427.20882508407458053,0.00229113395144
221,428.12791407661668211,0.000188003228601
222,430.32874543093863667,0.000929589779374
223,431.30130693070359202,0.000537922625177
224,432.13864173458856831,0.00217722920205
225,433.8892184809272253,0.000645258035209
226,436.16100643264698407,0.000151308931596
227,437.58169816766858115,0.00135524616445
228,438.62173865627219629,8.66366966509e-5
229,439.91844221437065641,0.0014113336818
230,441.68319920118902387,0.000920538845754
231,442.90454630260944947,0.000455610641579
232,444.31933627755915592,0.00100321437803
233,446.86062269642952253,0.000963975686897
234,447.44170419449329007,0.000814324372301
235,449.14854568502330475,0.000773894176578
236,450.12694578031352403,0.000467330699216
237,451.40330844538879546,0.00056580137126
238,453.98673780667791604,0.000768565281461
239,454.97468376861678888,0.000523839936751
240,456.32842668924605122,0.000702289179264
241,457.90389306410297157,4.19265463996e-5
242,459.51341528110601175,0.00114516609698
243,460.08794442217584126,0.000362022451875
244,462.06536727488253096,0.00121451781033
245,464.05728691054828458,0.0013844185245
246,465.67153921137109455,4.48726838112e-5
247,466.57028693082625517,0.00149670062828
248,467.43904621026163886,0.000794953532615
249,469.53600455911203219,0.00159092724117
250,470.77365547810164769,0.000102104748796
251,472.79917466190881666,0.000239543890987
252,473.83523234513968707,0.00109182079282
253,475.60033936937578561,2.35346686814e-6
254,476.76901523748452085,0.00166060656937
255,478.0752637666709692,1.60562117745e-5
256,478.94218153463482654,0.0011258032202
257,481.83033937628656137,0.0014778866809
258,482.83478279098239731,0.000264763231035
259,483.85142721248253756,0.00076505761295
260,485.53914812935600693,4.76223309538e-5
261,486.52871826165124435,0.000951256120923
262,488.38056709001744853,6.90610263589e-5
263,489.66176157795613151,0.00101457029408
264,491.39882159366300657,0.000660718550368
265,493.31444158178530094,4.59813538554e-5
266,493.95799780536946491,0.000705138809203
267,495.3588288221312775,8.77348146331e-5
268,496.42969621575910348,0.000673507710928
269,498.58078242968654202,0.000326346975924
270,500.30908494169049554,6.20267910026e-5
271,501.60444696514547766,0.000835157809789
272,502.27627032711823318,0.000534732300657
273,504.49977331342773718,0.000783917945258
274,505.41523174224444203,1.86090226034e-6
275,506.46415270952353122,0.000857150964062
276,508.80070033646782081,0.000782062210531
277,510.26422794367283442,3.56270412102e-5
278,511.56228970037459546,0.00102891281559
279,512.62314453140741867,0.000131660638222
280,513.66898555547368344,0.000729448803996
281,515.43505716729937725,1.12044247937e-6
282,517.58966857246742534,0.000185636460244
283,518.23422314755014357,0.000175760976033
284,520.1063104117232559,0.000184401565141
285,521.52519344949204097,0.00116255722977
286,522.45669617773021043,0.000394961924818
287,523.96053089201584049,0.00111159271098
288,525.07738568727962218,0.000253454803427
289,527.90364160127234523,8.60779930991e-6
290,528.40621385229265894,0.000317939117072
291,529.8062263187069008,0.00066013082218
292,530.86691788396108964,0.000244815661611
293,532.68818302829373051,0.000158504219634
294,533.77963075376873257,0.000764083006917
295,535.66431407587322462,4.30946897699e-5
296,537.06975908312232759,0.00088254595996
297,538.42852617624796284,0.000257379272598
298,540.21316637622813338,0.00012498185375
299,540.63139024729511736,2.38636869035e-5
300,541.84743712120128155,0.000919509076421
301,544.3238901010052629,0.00087532750622
302,545.63683324893481825,2.9222810464e-5
303,547.01091205812229246,0.000739714140241
304,547.93161336448933831,2.63083593996e-6
305,549.49756756266137846,0.000708572593765
306,550.97001003948388905,0.000286220093118
307,552.04957220056489279,0.000637213771521
308,553.76497211915881462,0.00057409718257
309,555.79202056168250842,0.000155339892834
310,556.89947640685535126,0.000692430434125
311,557.56465917205852841,0.000130996670464
312,559.31623702868216376,0.000724491420028
313,560.24080749729566824,2.56664654301e-5
314,562.55920761604585111,0.000114787583012
315,564.16087911078611781,0.000775979050986
316,564.50605593814983512,0.000607158062244
317,566.69878768280795624,0.000783502506531
318,567.73175790117693745,1.92927605055e-5
319,568.9239551796293685,0.00076793399493
320,570.05111478246359204,0.000111319763532
321,572.41998413245276405,0.000221123947413
322,573.61461052675812999,0.000561075697678
323,575.09388601449488561,8.67118293703e-5
324,575.80724714092878071,0.00024652552507
325,577.03900347209821122,0.000625279409264
326,579.09883467203660743,0.000859445187764
327,580.13695936238462867,6.79840399259e-5
328,581.94657626590162555,0.000724380194993
329,583.23608821916727826,0.000167828863049
330,584.56170590346552837,0.000627688585202
331,585.98456320498830057,0.000405165251029
332,586.74277189125015564,0.000838110243451
333,588.13966326624795642,8.21533774155e-5
334,590.66039751676527563,8.92236278552e-5
335,591.72585806504805665,0.000820153808101
336,592.57135830022556982,0.000132849497461
337,593.97471468223102924,0.000771183153838
338,595.72815369738894918,0.000122485693747
339,596.36276832839368409,0.00068745914806
340,598.4930773461647544,0.000343998432296
341,599.545640364364854,0.000600803472252
342,601.60213673593263605,0.000740582010613
343,602.5791678863873543,0.000123557588915
344,603.62561890357916067,0.000440955239841
345,604.61621849375323291,0.000510618735103
346,606.38346042210904109,0.000619084997459
347,608.41321731118732518,0.000238641546566
348,609.38957515472008053,0.000623278241601
349,610.83916293773940693,0.000178273658573
350,611.77420962088720464,0.000646519203396
351,613.59977867563711941,0.000384812497223
352,614.64623787223262153,0.000422744228817
353,615.53856336940702785,2.03428902043e-5
354,618.11283136644237338,4.85347990518e-5
355,619.18448259795363425,0.000620704113907
356,620.27289367222752192,1.15963435499e-5
357,621.70929452794862296,0.000609125134326
358,622.37500273977900922,0.000212824370886
359,624.26990001817788083,0.00058931839597
360,626.0192834276543822,0.000325902925296
361,627.26839685078302075,0.000280609689367
362,628.32586235946036194,0.000185095383474
363,630.47388743829204587,1.3194809584e-5
364,630.80578092719753264,0.000174627773063
365,632.22514116711595195,0.000306754616624
366,633.54685825225177748,0.000358431503352
367,635.52380031060545381,2.88404507185e-5
368,637.39719315983730717,0.000177229719207
369,637.92551398082258109,5.75593174477e-6
370,638.92793826685677019,0.000588112311677
371,640.69479466882566762,0.000109875924337
372,641.94549966570529455,0.000509287964288
373,643.27888378139788936,0.000163678671958
374,644.99057822974800251,0.000119473294414
375,646.34819159550159203,0.000561748736464
376,647.76175300428888379,8.52799115848e-6
377,648.78640088878244077,0.000528841786682
378,650.19751934525645908,2.53571344572e-5
379,650.66868389139598253,8.94946194945e-5
380,653.6495716053946919,0.000432989143632
381,654.30192058631934228,0.000589913729462
382,655.70946302235563632,0.000106399883641
383,656.96408459946061742,0.000512731304638
384,658.17561441860539974,8.38052562547e-5
385,659.66384597296410783,0.000376756170073
386,660.71673259527927005,0.000102631104297
387,662.29658643110041064,0.000276751663276
388,664.24460465227301345,0.00059394155876
389,665.34276309559904054,2.27357118349e-6
390,666.51514770417296055,0.000582159393375
391,667.14849489455542994,0.000387837980267
392,668.97584882023513141,0.000562129668941
393,670.32358520586258403,5.64075586369e-6
394,672.45818358416973418,0.000164074962675
395,673.04357828614764577,1.6861008885e-5
396,674.3558978101231679,0.000535788326964
397,676.1396743636267482,0.000353955538044
398,677.23018066876397325,0.000319788857383
399,677.80044474622133492,1.11496362891e-5
400,679.74219788252821772,0.000307963608311
