N,L,K_red,R,R_L,V,A,C,kappa,delta,delta_via,Gamma,C_float,Gamma_float,delta_float
6,1,1,14/15,1/1,206/225,347/450,13/90,-221/225,-1/15,-1/15,-377/450,0.14444444444444443,-0.8377777777777777,-0.06666666666666667
7,1,1,143/105,1/1,15014/11025,19703/22050,59/126,-11024/11025,38/105,38/105,-11723/22050,0.46825396825396826,-0.5316553287981859,0.3619047619047619
8,1,1,143/105,1/1,15014/11025,19703/22050,59/126,-11024/11025,38/105,38/105,-11723/22050,0.46825396825396826,-0.5316553287981859,0.3619047619047619
12,2,1,3083/2310,1/2,445252/1334025,159721/266805,-4589/17325,668168/1334025,964/1155,964/1155,62963/266805,-0.2648773448773449,0.2359888307940256,0.8346320346320346
36,6,1,129697596412/100280245065,14/15,250592349831983526898/3352042516765485618075,1942681564688618705461/3352042516765485618075,-29299809311183/58043160893575,318734517344168266164/1117347505588495206025,36102701018/100280245065,36102701018/100280245065,-245295220941376793357/1117347505588495206025,-0.5047934823002773,-0.21953351102903512,0.36001807728530005
64,10,2,4737348987210788616337/3554193374527483969190,223/210,3049711356315621709014548640363255107860394/45855214673032282075522678543696945835399643,2444116676570646122987516117754096037127421/5878873676029779753272138274832941773769185,-6621913497700922764200098303/18961015663133770039611903105,3125459078376672351825979938180290942481668/15285071557677427358507559514565648611799881,288940235420909549002/1066258012358245190757,288940235420909549002/1066258012358245190757,-2553085186848231151850052793683777367034033/17636621028089339259816414824498825321307555,-0.3492383327637888,-0.14476044945242095,0.27098528880628037
128,21,2,1071326323599028497376703103941587472139165059/761760330044219390720007817652000974695613899,944776/692835,10114973364531141221405893382637289468870657086896139261873176212848778479127398033228517642376/191857441624246927655417477100115277594064149769991797579490845636987729657050128997562422263725,31795843390969649319350403893131992010753831761271759181441870518931828109527434892352038556583/76742976649698771062166990840046111037625659907996719031796338254795091862820051599024968905490,-808889784653642047078792997392659114496425316737290754933827/2237006715597039729498665706765915606617038060404303689461050,-638034832861592739265149425477796426681292617711688642459572674435559695407782885635712509337/63952480541415642551805825700038425864688049923330599193163615212329243219016709665854140754575,2767696703824744190050544606721001520122083991/64749628053758648211200664500420082849127181415,2767696703824744190050544606721001520122083991/64749628053758648211200664500420082849127181415,-4073642263513014873986603692950061705031874295395332835377726749016426907480830734546212358691/10963282378528395866023855834292301576803665701142388433113762607827870266117150228432138415070,-0.3615947055562395,-0.3715714074364489,0.04274459617786302
256,42,2,45355186281493639373144818770473769186405472863798547224827465510410454989830839236502212967455019758/32133165458954322436165317614053356655440093295804604057122379340449075183940351576262600371617210115,207751650580024/152125131763605,2687783114285974993923423806754016573683461197645414650827492190713924265878228057893702796023774363082517833184373674954448471149564905178573101691152179374311958438661624650298569089385266893219972/49168586781549292916574967579960242743401217694780993255693411127146594941201678865274461013535201248104470925019438023811083039425797528121628651033266830756635171398665211709537111035659697907538725,23975436077751713255811149339797156816959891227184075106677575915121089216041425319753514258470070846110368171980634540596090804042268871014150405916218574001528457540472454595826426259736863380232/58050279553186886560301024297473722247226939427132223442377108768768116813697377644952138150572846810040697668263799319729732041825026597546196754466666860397444122076346176752700249156623019961675,-576527932380463948872941201659781719809644420478523869402739591131927747316578424364816763439532130321952306345958936799497853868/1608854194011811681109857627873046391952876957831808815797685894273960544105855205424889751238223532703762168294035420953727406275,-145075629501007547025248406759874944024727222553255797482578692798644459626490255255689333521114986557978060435876382651160359209296933000940795295778927460262209293126063275435136965537308398982494/16389528927183097638858322526653414247800405898260331085231137042382198313733892955091487004511733749368156975006479341270361013141932509373876217011088943585545057132888403903179037011886565969179575,2761939845993582873091220830066641473123579730384387840649621436157142817721498093692742427283662/60287364838563456728265136236497854888255334513704698043381574747559240495197657741580863736617655,2761939845993582873091220830066641473123579730384387840649621436157142817721498093692742427283662/60287364838563456728265136236497854888255334513704698043381574747559240495197657741580863736617655,-1641330739279340797711305900393981825668704394494478577906922789799051970817120904882235616496701873022445289980986629898538319772920693415748607091565612289615388452499703110788347713565798326071274/4469871525595390265143178870905476613036474335889181205063037375195144994654698078661314637594109204373133720456312547619189367220527048011057150093933348250603197399878655609957919185059972537048975,-0.3583469120609641,-0.36719863868139124,0.045812913757127406
512,85,2,15636281430706845493470339800068513819803853757692938589431147074033031404989578175478334071994078358751582573205460474911029384314303438183318538882503619214329754148092883430826966521520060900543549250294538869/10654693762398962851546914176757983237601866396480457669840545394143555994276025914262951009935977266069035628572764467513953789919530566470696892586395888976701830489908450239647024574311661680697384735107048010,27716030828845638987291703531816/19076036834948275096830286999485,810951107007393968676199576486116372505056711345392630922661888571005604648067233039777118287528218183204420461078992549764015535057777376162058392038616318061686380997599983429416844427863621282956583787022457910160694254860736811279011732505062153746651322999348498342682556887372887548325119800913840917785862303601050326780552016485757733208937029109986997141697102289777746180871297583414138911682072291579005593/13340765065411376900164157938791900432908420500043593403064919897250253328760249432708206181931754042977145265592943713225413041990780418453396817377264169780567711001705299818171335299850199061192642830188872881320150728658660054879118092176907905417609989310277469993179935489052040864858236141760435551065191686861280076269210996016263660121133113779559967573074199164190900364548369606243842349201150233771963021540,214033225472119492695566126019054337186456071838456649633645060735430397549731358006302781182172902732840108578455903445200715519078780582810749095167561007177812060308817504412379855959713374968398653861767212588759087720274437939859403091746465432650634273773239021508361634880403079569829360443214621969900934217555002101927974598620799708228405192535285357839349546471669097970634363781059715608687622400509218177749/522609970605897851610778534906587056089151603066925115485282296844455576052738466907395381300891756205322081926054012418091180471030137262022197063344131172708326417936368484181407526311523015397155269130442368089976339413976204758525452219625827077446373929067826107124135733723299513879881337553310975283032074341826667335589526409158850337788736326755805686232167541171130488193829609357639215505662450462110377495980,-63145397281480009774243114363853858051009148173909223055743117564075352315414645722441328213856001163800062978773031346644600969382826155326271242752813804512225048796283863008003614986785841016685748163797772187625311381743815179416087389339786567704123335173717692871555703/181057233127656311389632037535879673172191481198040180222209337244066566186530520903015580618890738108195872621913284237289103208830911724848878952368829082865972493235054180358729789445319867804811649998408099688422153414142778906818632332800068438194625607439927836878338930,-197535659846117469037433795936073732168867998913402390956524421367282670686637932617521601685360546949736917605049435990261769576936651016732516201778869271529677866138348568541931407832639341915997981859150202376061078498176638103789837860985777785521233994708868574306045508835432214177385871043408802640648739546570256888786905148260644131560648757713598580805329507919873099184619108220787117628184157047694710299/4279113322867800137788503489801175610555531103787567695322710155721779369602344157661122737600751296803989990850566851411924937997042775730334828215348884646597190321301699941677598115046290264910847700249261112876274762022589074206509576735989328152818298458013528111019979307809145183067736120942026497511476578804561533897671451552386457019986093099104140542306818599834817098062684590681987168611689697624969271060,42496816612111749739885060869715912846301983036651380902440682147875718596664769572481475422112919823026476765732615650432361803898500295833347471251722326309511009930087271969425435209013312086448761505819949/2905825571563353504967340230024904519345963562676488455411057834766424362075279794798986639073448345291555171428935763867441942705326518128371879796289787902736862860884122792631006702084998640190195836847376730,42496816612111749739885060869715912846301983036651380902440682147875718596664769572481475422112919823026476765732615650432361803898500295833347471251722326309511009930087271969425435209013312086448761505819949/2905825571563353504967340230024904519345963562676488455411057834766424362075279794798986639073448345291555171428935763867441942705326518128371879796289787902736862860884122792631006702084998640190195836847376730,-105570441609092190297940989943482486763566857874125464190134440896989216408644025573195662465186069490805433470958244693626696089921938145106790894883219251556609876210532328376495439449478181095057566726807329554959630858313370959264973559228081702434515773288097327319275935790336416058029829178566624291301650938608614558001035360010872343760389848226419734445958880627871078385971764768907112938017548431535055605/267319678059282788547712805578816908485499541210703383879939793782330217929789497139332675857233634887632778478800006351964798194900325965228745300943289602408351108918858559683584412435561644704427247637054919739118332181061997318938850240217814361865152904894028699296233111878925582547253881101437839019453746466407502473447328086526266157436693773276626949479369586276793088590194173584470186959418133228700960356,-0.3487593187561785,-0.394922073734056,0.014624696343782322
